sample_id	cohort	plot_group
BS_02X4QTNE	GMKF	Neuroblastoma
BS_0D3SCV7P	GMKF	Neuroblastoma
BS_0JBZPAGN	GMKF	Neuroblastoma
BS_0SC4QNTM	GMKF	Neuroblastoma
BS_10MQQC5C	GMKF	Neuroblastoma
BS_135GYQQD	GMKF	Neuroblastoma
BS_15ED4VDX	GMKF	Neuroblastoma
BS_19PXZ71B	GMKF	Neuroblastoma
BS_1BKHK7AY	GMKF	Neuroblastoma
BS_2480EHNY	GMKF	Neuroblastoma
BS_28ZRHXX8	GMKF	Neuroblastoma
BS_2RFA5NWH	GMKF	Neuroblastoma
BS_2XTH5QRD	GMKF	Neuroblastoma
BS_2Y28PRQC	GMKF	Neuroblastoma
BS_323GG6M7	GMKF	Neuroblastoma
BS_3CSY3JTN	GMKF	Neuroblastoma
BS_3CTRC269	GMKF	Neuroblastoma
BS_3D1XTG0K	GMKF	Neuroblastoma
BS_3DJBSNGE	GMKF	Neuroblastoma
BS_3GRJH3PS	GMKF	Neuroblastoma
BS_3KGHX57D	GMKF	Neuroblastoma
BS_3N0ZS3G3	GMKF	Neuroblastoma
BS_3V34S6KM	GMKF	Neuroblastoma
BS_43R2B7DR	GMKF	Neuroblastoma
BS_48YZKWC2	GMKF	Neuroblastoma
BS_4A1CKAXN	GMKF	Neuroblastoma
BS_4JVC08W2	GMKF	Neuroblastoma
BS_591ZWG14	GMKF	Neuroblastoma
BS_59ZF7365	GMKF	Neuroblastoma
BS_5W25GMQ1	GMKF	Neuroblastoma
BS_5Y7PNW71	GMKF	Neuroblastoma
BS_5Y98E084	GMKF	Neuroblastoma
BS_5Z1QJPG6	GMKF	Neuroblastoma
BS_63ACHY8K	GMKF	Neuroblastoma
BS_6DXDS5EE	GMKF	Neuroblastoma
BS_6GSJCDCN	GMKF	Neuroblastoma
BS_6N7RPHX9	GMKF	Neuroblastoma
BS_6WBAV14H	GMKF	Neuroblastoma
BS_6Y5F3QGV	GMKF	Neuroblastoma
BS_6YYC47K2	GMKF	Neuroblastoma
BS_70H191SN	GMKF	Neuroblastoma
BS_82Q78622	GMKF	Neuroblastoma
BS_83RF7CY6	GMKF	Neuroblastoma
BS_896YFFGE	GMKF	Neuroblastoma
BS_8EG9GQZS	GMKF	Neuroblastoma
BS_8EX2H96N	GMKF	Neuroblastoma
BS_8GD69HHF	GMKF	Neuroblastoma
BS_8MYS5HP4	GMKF	Neuroblastoma
BS_8NQWYZHR	GMKF	Neuroblastoma
BS_8T0AKNMJ	GMKF	Neuroblastoma
BS_8V59CEJJ	GMKF	Neuroblastoma
BS_8VPBB5C2	GMKF	Neuroblastoma
BS_94JMQ7MX	GMKF	Neuroblastoma
BS_94ZKC2SR	GMKF	Neuroblastoma
BS_97SKFHM4	GMKF	Neuroblastoma
BS_9BYP1GZS	GMKF	Neuroblastoma
BS_9C595Y9M	GMKF	Neuroblastoma
BS_9JBYGRQW	GMKF	Neuroblastoma
BS_9R8GFR36	GMKF	Neuroblastoma
BS_9TKGBJH7	GMKF	Neuroblastoma
BS_A2HY1DZA	GMKF	Neuroblastoma
BS_A3198WFE	GMKF	Neuroblastoma
BS_A70FPYSH	GMKF	Neuroblastoma
BS_AFRGW493	GMKF	Neuroblastoma
BS_AYDD070S	GMKF	Neuroblastoma
BS_B2BWSTJV	GMKF	Neuroblastoma
BS_BBD7XS5N	GMKF	Neuroblastoma
BS_BG0ZDND2	GMKF	Neuroblastoma
BS_BW9QBKEQ	GMKF	Neuroblastoma
BS_CCV91DR0	GMKF	Neuroblastoma
BS_CD6WEHG9	GMKF	Neuroblastoma
BS_CN3256VE	GMKF	Neuroblastoma
BS_CXGWN1W5	GMKF	Neuroblastoma
BS_CZ7DWCPE	GMKF	Neuroblastoma
BS_CZMY8CVE	GMKF	Neuroblastoma
BS_DBXCETW2	GMKF	Neuroblastoma
BS_DERH44Z2	GMKF	Neuroblastoma
BS_DHXNWXP6	GMKF	Neuroblastoma
BS_DYHEFXJC	GMKF	Neuroblastoma
BS_E359X3QV	GMKF	Neuroblastoma
BS_EE5Z0Z4J	GMKF	Neuroblastoma
BS_EF8F5GH8	GMKF	Neuroblastoma
BS_EMBK3HHP	GMKF	Neuroblastoma
BS_EPZ2H50J	GMKF	Neuroblastoma
BS_ERHKS2Y7	GMKF	Neuroblastoma
BS_ETC8R0TD	GMKF	Neuroblastoma
BS_EXEE6TDK	GMKF	Neuroblastoma
BS_EZRVK9ZQ	GMKF	Neuroblastoma
BS_F2F7BXT5	GMKF	Neuroblastoma
BS_F9ZXCH60	GMKF	Neuroblastoma
BS_FC37XAZK	GMKF	Neuroblastoma
BS_FE3BY6DT	GMKF	Neuroblastoma
BS_FHNTKFVJ	GMKF	Neuroblastoma
BS_FJAQ3KAX	GMKF	Neuroblastoma
BS_FRY5NFRY	GMKF	Neuroblastoma
BS_FXDGYFBR	GMKF	Neuroblastoma
BS_GB1XPW06	GMKF	Neuroblastoma
BS_GMH5C45K	GMKF	Neuroblastoma
BS_GTFHNG3R	GMKF	Neuroblastoma
BS_GWN2F333	GMKF	Neuroblastoma
BS_H4TFY19Z	GMKF	Neuroblastoma
BS_H5RWQDCJ	GMKF	Neuroblastoma
BS_H9BW7Y9C	GMKF	Neuroblastoma
BS_HA1N9VCX	GMKF	Neuroblastoma
BS_HBMHZEGZ	GMKF	Neuroblastoma
BS_HEJAPS03	GMKF	Neuroblastoma
BS_HEKMP7BH	GMKF	Neuroblastoma
BS_HHNQ3N2V	GMKF	Neuroblastoma
BS_HW9CGZ29	GMKF	Neuroblastoma
BS_J9EH31NM	GMKF	Neuroblastoma
BS_JBKQ59CW	GMKF	Neuroblastoma
BS_JFJYEHFM	GMKF	Neuroblastoma
BS_JWXQFZY9	GMKF	Neuroblastoma
BS_JY850J9G	GMKF	Neuroblastoma
BS_K59AGJKW	GMKF	Neuroblastoma
BS_K9VNW7JD	GMKF	Neuroblastoma
BS_KBXSSXWF	GMKF	Neuroblastoma
BS_KC02E200	GMKF	Neuroblastoma
BS_KF4AR0FG	GMKF	Neuroblastoma
BS_KG9X0NFD	GMKF	Neuroblastoma
BS_KHW6ASK4	GMKF	Neuroblastoma
BS_KV05J5BX	GMKF	Neuroblastoma
BS_KYGRX01W	GMKF	Neuroblastoma
BS_M462FWS9	GMKF	Neuroblastoma
BS_MAJ800Q0	GMKF	Neuroblastoma
BS_MBNSCVMH	GMKF	Neuroblastoma
BS_MDEQHB6J	GMKF	Neuroblastoma
BS_MEN59ZX5	GMKF	Neuroblastoma
BS_MG1N76FY	GMKF	Neuroblastoma
BS_MGHRCZEV	GMKF	Neuroblastoma
BS_MH01GQ2B	GMKF	Neuroblastoma
BS_MPE34NYZ	GMKF	Neuroblastoma
BS_MYNJDVWV	GMKF	Neuroblastoma
BS_N05R3CT2	GMKF	Neuroblastoma
BS_N13KZYRR	GMKF	Neuroblastoma
BS_NC4PWRVP	GMKF	Neuroblastoma
BS_NKGRBE18	GMKF	Neuroblastoma
BS_NN42N0XB	GMKF	Neuroblastoma
BS_NPVE58AT	GMKF	Neuroblastoma
BS_NQP7B1SY	GMKF	Neuroblastoma
BS_NR090DDV	GMKF	Neuroblastoma
BS_NZDEF29S	GMKF	Neuroblastoma
BS_P10Y42BX	GMKF	Neuroblastoma
BS_PRF6XPXV	GMKF	Neuroblastoma
BS_QCDCAX7G	GMKF	Neuroblastoma
BS_QJ3XB7XZ	GMKF	Neuroblastoma
BS_QM9CBE54	GMKF	Neuroblastoma
BS_QS2NKZW3	GMKF	Neuroblastoma
BS_R232Y3SW	GMKF	Neuroblastoma
BS_REGK1PS6	GMKF	Neuroblastoma
BS_RW0JJ9BQ	GMKF	Neuroblastoma
BS_RZEEJETF	GMKF	Neuroblastoma
BS_S01DMJ5X	GMKF	Neuroblastoma
BS_S0B4WASX	GMKF	Neuroblastoma
BS_S0SM38BZ	GMKF	Neuroblastoma
BS_S32M2YTY	GMKF	Neuroblastoma
BS_S4WH99C9	GMKF	Neuroblastoma
BS_S5KDWVEA	GMKF	Neuroblastoma
BS_SM1QE9FJ	GMKF	Neuroblastoma
BS_STTGK8V4	GMKF	Neuroblastoma
BS_SZ3EJPGV	GMKF	Neuroblastoma
BS_T4KS08ND	GMKF	Neuroblastoma
BS_T7MWWC0A	GMKF	Neuroblastoma
BS_TGDZ491N	GMKF	Neuroblastoma
BS_VNKT3ZZS	GMKF	Neuroblastoma
BS_VR7XMQZ3	GMKF	Neuroblastoma
BS_VV8GRGZ6	GMKF	Neuroblastoma
BS_W3ZSVEVP	GMKF	Neuroblastoma
BS_W5X4568N	GMKF	Neuroblastoma
BS_WFCVBVDS	GMKF	Neuroblastoma
BS_WHBM0N3Y	GMKF	Neuroblastoma
BS_WHX83JW2	GMKF	Neuroblastoma
BS_WKC3GR0D	GMKF	Neuroblastoma
BS_WKPG4MH1	GMKF	Neuroblastoma
BS_WKVJJF3F	GMKF	Neuroblastoma
BS_WR5VE59B	GMKF	Neuroblastoma
BS_X3F8NMS4	GMKF	Neuroblastoma
BS_XFFQR05Z	GMKF	Neuroblastoma
BS_XHSRBERM	GMKF	Neuroblastoma
BS_XJDB3R9K	GMKF	Neuroblastoma
BS_XME1VS17	GMKF	Neuroblastoma
BS_XPTREBJD	GMKF	Neuroblastoma
BS_XZQE9FBM	GMKF	Neuroblastoma
BS_Y2DSNJ1E	GMKF	Neuroblastoma
BS_YA56YE71	GMKF	Neuroblastoma
BS_YF5NCTGA	GMKF	Neuroblastoma
BS_YG0W2BBN	GMKF	Neuroblastoma
BS_YMWFA93F	GMKF	Neuroblastoma
BS_YZJ5YQ12	GMKF	Neuroblastoma
BS_Z0MTZA9K	GMKF	Neuroblastoma
BS_Z36F6GKX	GMKF	Neuroblastoma
BS_Z3BZ01S1	GMKF	Neuroblastoma
BS_ZFJS669M	GMKF	Neuroblastoma
BS_ZGKT8MMX	GMKF	Neuroblastoma
BS_ZKQXXTG9	GMKF	Neuroblastoma
BS_ZWRZRC4V	GMKF	Neuroblastoma
TARGET-10-DCC002-09A-01R	TARGET	Acute Lymphoblastic Leukemia
TARGET-10-PAKHZT-03A-01R	TARGET	Acute Lymphoblastic Leukemia
TARGET-10-PAKKCA-03A-01R	TARGET	Acute Lymphoblastic Leukemia
TARGET-10-PAKKXB-03A-01R	TARGET	Acute Lymphoblastic Leukemia
TARGET-10-PAKSWW-03A-02R	TARGET	Acute Lymphoblastic Leukemia
TARGET-10-PAKTAL-03A-01R	TARGET	Acute Lymphoblastic Leukemia
TARGET-10-PAKVKK-03A-01R	TARGET	Acute Lymphoblastic Leukemia
TARGET-10-PAKYEP-03A-01R	TARGET	Acute Lymphoblastic Leukemia
TARGET-10-PALJDL-09A-01R	TARGET	Acute Lymphoblastic Leukemia
TARGET-10-PAMDRM-09A-01R	TARGET	Acute Lymphoblastic Leukemia
TARGET-10-PAMXHJ-09A-01R	TARGET	Acute Lymphoblastic Leukemia
TARGET-10-PAMXSP-09A-01R	TARGET	Acute Lymphoblastic Leukemia
TARGET-10-PANATY-09B-01R	TARGET	Acute Lymphoblastic Leukemia
TARGET-10-PANCVR-03A-01R	TARGET	Acute Lymphoblastic Leukemia
TARGET-10-PANDBX-09B-01R	TARGET	Acute Lymphoblastic Leukemia
TARGET-10-PANDWE-03A-02R	TARGET	Acute Lymphoblastic Leukemia
TARGET-10-PANEHF-09A-01R	TARGET	Acute Lymphoblastic Leukemia
TARGET-10-PANEUH-09A-01R	TARGET	Acute Lymphoblastic Leukemia
TARGET-10-PANFNZ-03A-01R	TARGET	Acute Lymphoblastic Leukemia
TARGET-10-PANGIF-03A-01R	TARGET	Acute Lymphoblastic Leukemia
TARGET-10-PANIEU-03A-01R	TARGET	Acute Lymphoblastic Leukemia
TARGET-10-PANJPG-09A-01R	TARGET	Acute Lymphoblastic Leukemia
TARGET-10-PANJWJ-09A-01R	TARGET	Acute Lymphoblastic Leukemia
TARGET-10-PANKAK-09A-02R	TARGET	Acute Lymphoblastic Leukemia
TARGET-10-PANKDT-03A-01R	TARGET	Acute Lymphoblastic Leukemia
TARGET-10-PANKGK-09A-01R	TARGET	Acute Lymphoblastic Leukemia
TARGET-10-PANKMB-09A-02R	TARGET	Acute Lymphoblastic Leukemia
TARGET-10-PANKRG-03A-02R	TARGET	Acute Lymphoblastic Leukemia
TARGET-10-PANLGK-03B-01R	TARGET	Acute Lymphoblastic Leukemia
TARGET-10-PANLIC-09A-01R	TARGET	Acute Lymphoblastic Leukemia
TARGET-10-PANNGL-09A-01R	TARGET	Acute Lymphoblastic Leukemia
TARGET-10-PANPJI-09A-01R	TARGET	Acute Lymphoblastic Leukemia
TARGET-10-PANRDC-03A-01R	TARGET	Acute Lymphoblastic Leukemia
TARGET-10-PANRWG-09A-01R	TARGET	Acute Lymphoblastic Leukemia
TARGET-10-PANRYM-09A-01R	TARGET	Acute Lymphoblastic Leukemia
TARGET-10-PANSBK-03B-01R	TARGET	Acute Lymphoblastic Leukemia
TARGET-10-PANSBR-09A-01R	TARGET	Acute Lymphoblastic Leukemia
TARGET-10-PANSDA-09A-02R	TARGET	Acute Lymphoblastic Leukemia
TARGET-10-PANSFD-09A-01R	TARGET	Acute Lymphoblastic Leukemia
TARGET-10-PANSHK-09A-01R	TARGET	Acute Lymphoblastic Leukemia
TARGET-10-PANSIA-09A-02R	TARGET	Acute Lymphoblastic Leukemia
TARGET-10-PANSPW-09A-01R	TARGET	Acute Lymphoblastic Leukemia
TARGET-10-PANSUL-09A-01R	TARGET	Acute Lymphoblastic Leukemia
TARGET-10-PANSXG-09A-02R	TARGET	Acute Lymphoblastic Leukemia
TARGET-10-PANTSM-09A-01R	TARGET	Acute Lymphoblastic Leukemia
TARGET-10-PANTTZ-09B-01R	TARGET	Acute Lymphoblastic Leukemia
TARGET-10-PANUHA-09A-01R	TARGET	Acute Lymphoblastic Leukemia
TARGET-10-PANUSN-03A-01R	TARGET	Acute Lymphoblastic Leukemia
TARGET-10-PANUUF-09A-02R	TARGET	Acute Lymphoblastic Leukemia
TARGET-10-PANWEZ-09B-01R	TARGET	Acute Lymphoblastic Leukemia
TARGET-10-PANWFB-09A-01R	TARGET	Acute Lymphoblastic Leukemia
TARGET-10-PANWHJ-09A-01R	TARGET	Acute Lymphoblastic Leukemia
TARGET-10-PANWHW-09A-02R	TARGET	Acute Lymphoblastic Leukemia
TARGET-10-PANWVW-09A-01R	TARGET	Acute Lymphoblastic Leukemia
TARGET-10-PANWYH-09B-01R	TARGET	Acute Lymphoblastic Leukemia
TARGET-10-PANXDB-03A-01R	TARGET	Acute Lymphoblastic Leukemia
TARGET-10-PANXDR-09A-01R	TARGET	Acute Lymphoblastic Leukemia
TARGET-10-PANYEJ-09A-01R	TARGET	Acute Lymphoblastic Leukemia
TARGET-10-PANYGB-09A-01R	TARGET	Acute Lymphoblastic Leukemia
TARGET-10-PANYZE-09A-01R	TARGET	Acute Lymphoblastic Leukemia
TARGET-10-PANZPJ-09A-02R	TARGET	Acute Lymphoblastic Leukemia
TARGET-10-PANZXZ-03A-02R	TARGET	Acute Lymphoblastic Leukemia
TARGET-10-PAPAGK-09A-01R	TARGET	Acute Lymphoblastic Leukemia
TARGET-10-PAPAIZ-09A-01R	TARGET	Acute Lymphoblastic Leukemia
TARGET-10-PAPAXK-09B-01R	TARGET	Acute Lymphoblastic Leukemia
TARGET-10-PAPBCI-09A-01R	TARGET	Acute Lymphoblastic Leukemia
TARGET-10-PAPBES-03A-01R	TARGET	Acute Lymphoblastic Leukemia
TARGET-10-PAPBFN-09A-01R	TARGET	Acute Lymphoblastic Leukemia
TARGET-10-PAPBSY-09A-01R	TARGET	Acute Lymphoblastic Leukemia
TARGET-10-PAPBZK-09A-01R	TARGET	Acute Lymphoblastic Leukemia
TARGET-10-PAPCUR-09A-01R	TARGET	Acute Lymphoblastic Leukemia
TARGET-10-PAPDKJ-09A-01R	TARGET	Acute Lymphoblastic Leukemia
TARGET-10-PAPDUF-09A-01R	TARGET	Acute Lymphoblastic Leukemia
TARGET-10-PAPDUV-09A-02R	TARGET	Acute Lymphoblastic Leukemia
TARGET-10-PAPECF-09A-01R	TARGET	Acute Lymphoblastic Leukemia
TARGET-10-PAPEFH-09A-01R	TARGET	Acute Lymphoblastic Leukemia
TARGET-10-PAPEJN-09A-01R	TARGET	Acute Lymphoblastic Leukemia
TARGET-10-PAPESW-09A-02R	TARGET	Acute Lymphoblastic Leukemia
TARGET-10-PAPEWB-09A-01R	TARGET	Acute Lymphoblastic Leukemia
TARGET-10-PAPFWH-09A-01R	TARGET	Acute Lymphoblastic Leukemia
TARGET-10-PAPFXN-09A-01R	TARGET	Acute Lymphoblastic Leukemia
TARGET-10-PAPGFP-09A-02R	TARGET	Acute Lymphoblastic Leukemia
TARGET-10-PAPGGT-03A-01R	TARGET	Acute Lymphoblastic Leukemia
TARGET-10-PAPGNC-03A-02R	TARGET	Acute Lymphoblastic Leukemia
TARGET-10-PAPGYC-09A-01R	TARGET	Acute Lymphoblastic Leukemia
TARGET-10-PAPHEK-03A-01R	TARGET	Acute Lymphoblastic Leukemia
TARGET-10-PAPHGD-09A-01R	TARGET	Acute Lymphoblastic Leukemia
TARGET-10-PAPHJF-09A-01R	TARGET	Acute Lymphoblastic Leukemia
TARGET-10-PAPHMH-09A-02R	TARGET	Acute Lymphoblastic Leukemia
TARGET-10-PAPHPX-03B-01R	TARGET	Acute Lymphoblastic Leukemia
TARGET-10-PAPHYN-09B-01R	TARGET	Acute Lymphoblastic Leukemia
TARGET-10-PAPHZT-09B-01R	TARGET	Acute Lymphoblastic Leukemia
TARGET-10-PAPIJM-09A-01R	TARGET	Acute Lymphoblastic Leukemia
TARGET-10-PAPIRZ-09A-01R	TARGET	Acute Lymphoblastic Leukemia
TARGET-10-PAPIYG-03B-01R	TARGET	Acute Lymphoblastic Leukemia
TARGET-10-PAPJHB-09A-01R	TARGET	Acute Lymphoblastic Leukemia
TARGET-10-PAPJHR-09A-01R	TARGET	Acute Lymphoblastic Leukemia
TARGET-10-PAPJIB-09A-01R	TARGET	Acute Lymphoblastic Leukemia
TARGET-10-PAPJXI-09A-01R	TARGET	Acute Lymphoblastic Leukemia
TARGET-10-PAPKNC-09A-01R	TARGET	Acute Lymphoblastic Leukemia
TARGET-10-PAPKNJ-09B-01R	TARGET	Acute Lymphoblastic Leukemia
TARGET-10-PAPLDL-03A-01R	TARGET	Acute Lymphoblastic Leukemia
TARGET-10-PAPLTZ-09A-01R	TARGET	Acute Lymphoblastic Leukemia
TARGET-10-PAPLUG-09A-01R	TARGET	Acute Lymphoblastic Leukemia
TARGET-10-PAPMVB-09A-02R	TARGET	Acute Lymphoblastic Leukemia
TARGET-10-PAPMYD-03A-01R	TARGET	Acute Lymphoblastic Leukemia
TARGET-10-PAPNFY-03A-02R	TARGET	Acute Lymphoblastic Leukemia
TARGET-10-PAPNMY-09A-01R	TARGET	Acute Lymphoblastic Leukemia
TARGET-10-PAPNNX-09A-01R	TARGET	Acute Lymphoblastic Leukemia
TARGET-10-PAPRCS-09A-01R	TARGET	Acute Lymphoblastic Leukemia
TARGET-10-PAPRFE-09A-01R	TARGET	Acute Lymphoblastic Leukemia
TARGET-10-PAPRMM-09B-01R	TARGET	Acute Lymphoblastic Leukemia
TARGET-10-PAPSPN-09A-01R	TARGET	Acute Lymphoblastic Leukemia
TARGET-10-PAPTAT-09B-01R	TARGET	Acute Lymphoblastic Leukemia
TARGET-10-PAPTLM-09A-01R	TARGET	Acute Lymphoblastic Leukemia
TARGET-10-PAPVTA-09A-02R	TARGET	Acute Lymphoblastic Leukemia
TARGET-10-PAPZNK-09A-01R	TARGET	Acute Lymphoblastic Leukemia
TARGET-10-PAPZST-09A-01R	TARGET	Acute Lymphoblastic Leukemia
TARGET-10-PARACA-09A-01R	TARGET	Acute Lymphoblastic Leukemia
TARGET-10-PARAKF-09A-01R	TARGET	Acute Lymphoblastic Leukemia
TARGET-10-PARAPE-09B-01R	TARGET	Acute Lymphoblastic Leukemia
TARGET-10-PARARJ-09A-01R	TARGET	Acute Lymphoblastic Leukemia
TARGET-10-PARASZ-09A-01R	TARGET	Acute Lymphoblastic Leukemia
TARGET-10-PARAYM-09A-01R	TARGET	Acute Lymphoblastic Leukemia
TARGET-10-PARBGL-09B-01R	TARGET	Acute Lymphoblastic Leukemia
TARGET-10-PARBVI-09A-02R	TARGET	Acute Lymphoblastic Leukemia
TARGET-10-PARCHB-03A-02R	TARGET	Acute Lymphoblastic Leukemia
TARGET-10-PARCVM-03A-01R	TARGET	Acute Lymphoblastic Leukemia
TARGET-10-PARDWE-03A-01R	TARGET	Acute Lymphoblastic Leukemia
TARGET-10-PARDWN-09B-01R	TARGET	Acute Lymphoblastic Leukemia
TARGET-10-PAREGZ-09A-01R	TARGET	Acute Lymphoblastic Leukemia
TARGET-10-PARFDL-09A-01R	TARGET	Acute Lymphoblastic Leukemia
TARGET-10-PARFIH-09A-01R	TARGET	Acute Lymphoblastic Leukemia
TARGET-10-PARFLV-09A-01R	TARGET	Acute Lymphoblastic Leukemia
TARGET-10-PARFPJ-09A-01R	TARGET	Acute Lymphoblastic Leukemia
TARGET-10-PARFTR-09A-01R	TARGET	Acute Lymphoblastic Leukemia
TARGET-10-PARFWD-03B-01R	TARGET	Acute Lymphoblastic Leukemia
TARGET-10-PARFXJ-09A-01R	TARGET	Acute Lymphoblastic Leukemia
TARGET-10-PARGFL-09A-01R	TARGET	Acute Lymphoblastic Leukemia
TARGET-10-PARGML-03A-02R	TARGET	Acute Lymphoblastic Leukemia
TARGET-10-PARHBI-09A-01R	TARGET	Acute Lymphoblastic Leukemia
TARGET-10-PARHBT-09A-01R	TARGET	Acute Lymphoblastic Leukemia
TARGET-10-PARHES-09A-01R	TARGET	Acute Lymphoblastic Leukemia
TARGET-10-PARIAD-03A-01R	TARGET	Acute Lymphoblastic Leukemia
TARGET-10-PARIYD-09A-01R	TARGET	Acute Lymphoblastic Leukemia
TARGET-10-PARIZN-09A-01R	TARGET	Acute Lymphoblastic Leukemia
TARGET-10-PARJAY-09A-01R	TARGET	Acute Lymphoblastic Leukemia
TARGET-10-PARJLA-09B-01R	TARGET	Acute Lymphoblastic Leukemia
TARGET-10-PARJNX-09A-01R	TARGET	Acute Lymphoblastic Leukemia
TARGET-10-PARJPL-09A-01R	TARGET	Acute Lymphoblastic Leukemia
TARGET-10-PARJSR-09A-01R	TARGET	Acute Lymphoblastic Leukemia
TARGET-10-PARJXW-09A-01R	TARGET	Acute Lymphoblastic Leukemia
TARGET-10-PARJZZ-09A-01R	TARGET	Acute Lymphoblastic Leukemia
TARGET-10-PARKLK-09A-01R	TARGET	Acute Lymphoblastic Leukemia
TARGET-10-PARLAF-09A-01R	TARGET	Acute Lymphoblastic Leukemia
TARGET-10-PARLEK-03A-01R	TARGET	Acute Lymphoblastic Leukemia
TARGET-10-PARLJA-09A-01R	TARGET	Acute Lymphoblastic Leukemia
TARGET-10-PARLST-09A-01R	TARGET	Acute Lymphoblastic Leukemia
TARGET-10-PARMFF-09A-01R	TARGET	Acute Lymphoblastic Leukemia
TARGET-10-PARMIH-09A-01R	TARGET	Acute Lymphoblastic Leukemia
TARGET-10-PARMKK-09A-01R	TARGET	Acute Lymphoblastic Leukemia
TARGET-10-PARMKM-03A-01R	TARGET	Acute Lymphoblastic Leukemia
TARGET-10-PARMMV-09A-01R	TARGET	Acute Lymphoblastic Leukemia
TARGET-10-PARMSP-09A-01R	TARGET	Acute Lymphoblastic Leukemia
TARGET-10-PARMUC-03A-01R	TARGET	Acute Lymphoblastic Leukemia
TARGET-10-PARMWH-09A-01R	TARGET	Acute Lymphoblastic Leukemia
TARGET-10-PARMXF-03A-01R	TARGET	Acute Lymphoblastic Leukemia
TARGET-10-PARNBN-09A-01R	TARGET	Acute Lymphoblastic Leukemia
TARGET-10-PARNEH-09A-01R	TARGET	Acute Lymphoblastic Leukemia
TARGET-10-PARNJB-09A-01R	TARGET	Acute Lymphoblastic Leukemia
TARGET-10-PARNMF-03A-02R	TARGET	Acute Lymphoblastic Leukemia
TARGET-10-PARNMV-09A-01R	TARGET	Acute Lymphoblastic Leukemia
TARGET-10-PARNSH-03A-01R	TARGET	Acute Lymphoblastic Leukemia
TARGET-10-PARNSP-09A-01R	TARGET	Acute Lymphoblastic Leukemia
TARGET-10-PARNXJ-09A-01R	TARGET	Acute Lymphoblastic Leukemia
TARGET-10-PARPET-09A-01R	TARGET	Acute Lymphoblastic Leukemia
TARGET-10-PARPHB-09A-01R	TARGET	Acute Lymphoblastic Leukemia
TARGET-10-PARPNM-09A-01R	TARGET	Acute Lymphoblastic Leukemia
TARGET-10-PARPRW-09A-01R	TARGET	Acute Lymphoblastic Leukemia
TARGET-10-PARPUL-09A-01R	TARGET	Acute Lymphoblastic Leukemia
TARGET-10-PARPYJ-09A-01R	TARGET	Acute Lymphoblastic Leukemia
TARGET-10-PARPZJ-03A-02R	TARGET	Acute Lymphoblastic Leukemia
TARGET-10-PARRKK-09A-01R	TARGET	Acute Lymphoblastic Leukemia
TARGET-10-PARSET-09A-01R	TARGET	Acute Lymphoblastic Leukemia
TARGET-10-PARSGC-03A-02R	TARGET	Acute Lymphoblastic Leukemia
TARGET-10-PARSJG-09A-01R	TARGET	Acute Lymphoblastic Leukemia
TARGET-10-PARSLL-09B-01R	TARGET	Acute Lymphoblastic Leukemia
TARGET-10-PARSNX-09A-01R	TARGET	Acute Lymphoblastic Leukemia
TARGET-10-PARSZH-09A-01R	TARGET	Acute Lymphoblastic Leukemia
TARGET-10-PARTBP-09A-01R	TARGET	Acute Lymphoblastic Leukemia
TARGET-10-PARTKL-09A-02R	TARGET	Acute Lymphoblastic Leukemia
TARGET-10-PARTLY-09A-01R	TARGET	Acute Lymphoblastic Leukemia
TARGET-10-PARTPW-09A-01R	TARGET	Acute Lymphoblastic Leukemia
TARGET-10-PARUAT-09B-01R	TARGET	Acute Lymphoblastic Leukemia
TARGET-10-PARUBK-03A-01R	TARGET	Acute Lymphoblastic Leukemia
TARGET-10-PARUEU-09A-01R	TARGET	Acute Lymphoblastic Leukemia
TARGET-10-PARUFL-09B-01R	TARGET	Acute Lymphoblastic Leukemia
TARGET-10-PARUGP-09A-01R	TARGET	Acute Lymphoblastic Leukemia
TARGET-10-PARUKW-09A-01R	TARGET	Acute Lymphoblastic Leukemia
TARGET-10-PARUNW-09B-01R	TARGET	Acute Lymphoblastic Leukemia
TARGET-10-PARUYU-03B-01R	TARGET	Acute Lymphoblastic Leukemia
TARGET-10-PARVEI-09A-01R	TARGET	Acute Lymphoblastic Leukemia
TARGET-10-PARVHY-09A-01R	TARGET	Acute Lymphoblastic Leukemia
TARGET-10-PARVMR-09A-01R	TARGET	Acute Lymphoblastic Leukemia
TARGET-10-PARVWD-09A-01R	TARGET	Acute Lymphoblastic Leukemia
TARGET-10-PARWDM-09B-01R	TARGET	Acute Lymphoblastic Leukemia
TARGET-10-PARWID-09A-01R	TARGET	Acute Lymphoblastic Leukemia
TARGET-10-PARWLP-09A-01R	TARGET	Acute Lymphoblastic Leukemia
TARGET-10-PARWMF-09A-01R	TARGET	Acute Lymphoblastic Leukemia
TARGET-10-PARWNW-09A-01R	TARGET	Acute Lymphoblastic Leukemia
TARGET-10-PARWRJ-09B-01R	TARGET	Acute Lymphoblastic Leukemia
TARGET-10-PARWVN-03A-01R	TARGET	Acute Lymphoblastic Leukemia
TARGET-10-PARWXF-03B-01R	TARGET	Acute Lymphoblastic Leukemia
TARGET-10-PARXCD-09B-01R	TARGET	Acute Lymphoblastic Leukemia
TARGET-10-PARXHT-03A-01R	TARGET	Acute Lymphoblastic Leukemia
TARGET-10-PARXLS-09A-01R	TARGET	Acute Lymphoblastic Leukemia
TARGET-10-PARXMC-09A-01R	TARGET	Acute Lymphoblastic Leukemia
TARGET-10-PARXMV-03A-01R	TARGET	Acute Lymphoblastic Leukemia
TARGET-10-PARXVS-09A-01R	TARGET	Acute Lymphoblastic Leukemia
TARGET-10-PARYAJ-09B-01R	TARGET	Acute Lymphoblastic Leukemia
TARGET-10-PARYGI-03A-01R	TARGET	Acute Lymphoblastic Leukemia
TARGET-10-PARZYX-09B-01R	TARGET	Acute Lymphoblastic Leukemia
TARGET-10-PASCIU-03A-01R	TARGET	Acute Lymphoblastic Leukemia
TARGET-10-PASDYK-03A-02R	TARGET	Acute Lymphoblastic Leukemia
TARGET-10-PASDYM-09B-01R	TARGET	Acute Lymphoblastic Leukemia
TARGET-10-PASEVJ-09B-01R	TARGET	Acute Lymphoblastic Leukemia
TARGET-10-PASFHR-09A-01R	TARGET	Acute Lymphoblastic Leukemia
TARGET-10-PASFKA-09A-01R	TARGET	Acute Lymphoblastic Leukemia
TARGET-10-PASFLK-09A-01R	TARGET	Acute Lymphoblastic Leukemia
TARGET-10-PASFXA-03A-01R	TARGET	Acute Lymphoblastic Leukemia
TARGET-10-PASHDV-09A-01R	TARGET	Acute Lymphoblastic Leukemia
TARGET-10-PASHNK-09A-01R	TARGET	Acute Lymphoblastic Leukemia
TARGET-10-PASHUI-09A-02R	TARGET	Acute Lymphoblastic Leukemia
TARGET-10-PASHUP-09A-01R	TARGET	Acute Lymphoblastic Leukemia
TARGET-10-PASHXL-09A-01R	TARGET	Acute Lymphoblastic Leukemia
TARGET-10-PASIGB-03B-01R	TARGET	Acute Lymphoblastic Leukemia
TARGET-10-PASIIY-09A-01R	TARGET	Acute Lymphoblastic Leukemia
TARGET-10-PASILP-09B-01R	TARGET	Acute Lymphoblastic Leukemia
TARGET-10-PASILW-09A-01R	TARGET	Acute Lymphoblastic Leukemia
TARGET-10-PASINX-09A-01R	TARGET	Acute Lymphoblastic Leukemia
TARGET-10-PASIZE-09B-01R	TARGET	Acute Lymphoblastic Leukemia
TARGET-10-PASJJR-09A-01R	TARGET	Acute Lymphoblastic Leukemia
TARGET-10-PASJLN-09A-01R	TARGET	Acute Lymphoblastic Leukemia
TARGET-10-PASJMK-09A-01R	TARGET	Acute Lymphoblastic Leukemia
TARGET-10-PASJYI-09A-01R	TARGET	Acute Lymphoblastic Leukemia
TARGET-10-PASKAD-09A-01R	TARGET	Acute Lymphoblastic Leukemia
TARGET-10-PASKAY-09A-01R	TARGET	Acute Lymphoblastic Leukemia
TARGET-10-PASKCL-09B-01R	TARGET	Acute Lymphoblastic Leukemia
TARGET-10-PASKHT-03A-02R	TARGET	Acute Lymphoblastic Leukemia
TARGET-10-PASKIC-09A-01R	TARGET	Acute Lymphoblastic Leukemia
TARGET-10-PASKRN-03A-01R	TARGET	Acute Lymphoblastic Leukemia
TARGET-10-PASKSY-09A-01R	TARGET	Acute Lymphoblastic Leukemia
TARGET-10-PASKTG-09A-01R	TARGET	Acute Lymphoblastic Leukemia
TARGET-10-PASKXN-09A-01R	TARGET	Acute Lymphoblastic Leukemia
TARGET-10-PASLAB-09A-01R	TARGET	Acute Lymphoblastic Leukemia
TARGET-10-PASLBB-09A-01R	TARGET	Acute Lymphoblastic Leukemia
TARGET-10-PASLCJ-03B-01R	TARGET	Acute Lymphoblastic Leukemia
TARGET-10-PASLMB-03B-01R	TARGET	Acute Lymphoblastic Leukemia
TARGET-10-PASMGZ-09B-01R	TARGET	Acute Lymphoblastic Leukemia
TARGET-10-PASMHF-09A-01R	TARGET	Acute Lymphoblastic Leukemia
TARGET-10-PASMIC-09A-01R	TARGET	Acute Lymphoblastic Leukemia
TARGET-10-PASMNV-09A-01R	TARGET	Acute Lymphoblastic Leukemia
TARGET-10-PASNEH-09A-01R	TARGET	Acute Lymphoblastic Leukemia
TARGET-10-PASNJI-09B-01R	TARGET	Acute Lymphoblastic Leukemia
TARGET-10-PASNTZ-09A-01R	TARGET	Acute Lymphoblastic Leukemia
TARGET-10-PASPBU-09A-01R	TARGET	Acute Lymphoblastic Leukemia
TARGET-10-PASPDS-09A-01R	TARGET	Acute Lymphoblastic Leukemia
TARGET-10-PASPPN-09A-01R	TARGET	Acute Lymphoblastic Leukemia
TARGET-10-PASRCV-09A-01R	TARGET	Acute Lymphoblastic Leukemia
TARGET-10-PASREU-09B-01R	TARGET	Acute Lymphoblastic Leukemia
TARGET-10-PASRMM-09A-01R	TARGET	Acute Lymphoblastic Leukemia
TARGET-10-PASRSV-03B-01R	TARGET	Acute Lymphoblastic Leukemia
TARGET-10-PASRWZ-03B-01R	TARGET	Acute Lymphoblastic Leukemia
TARGET-10-PASRYW-03B-01R	TARGET	Acute Lymphoblastic Leukemia
TARGET-10-PASSEF-09A-01R	TARGET	Acute Lymphoblastic Leukemia
TARGET-10-PASSHC-09A-01R	TARGET	Acute Lymphoblastic Leukemia
TARGET-10-PASSPP-09A-01R	TARGET	Acute Lymphoblastic Leukemia
TARGET-10-PASSSR-09A-01R	TARGET	Acute Lymphoblastic Leukemia
TARGET-10-PASSXJ-03A-01R	TARGET	Acute Lymphoblastic Leukemia
TARGET-10-PASSZA-09A-01R	TARGET	Acute Lymphoblastic Leukemia
TARGET-10-PASTDU-09A-01R	TARGET	Acute Lymphoblastic Leukemia
TARGET-10-PASTHE-09A-01R	TARGET	Acute Lymphoblastic Leukemia
TARGET-10-PASTLM-03B-01R	TARGET	Acute Lymphoblastic Leukemia
TARGET-10-PASTLP-09A-01R	TARGET	Acute Lymphoblastic Leukemia
TARGET-10-PASTPT-09A-01R	TARGET	Acute Lymphoblastic Leukemia
TARGET-10-PASTSR-09B-01R	TARGET	Acute Lymphoblastic Leukemia
TARGET-10-PASTXU-09A-01R	TARGET	Acute Lymphoblastic Leukemia
TARGET-10-PASTYT-09B-01R	TARGET	Acute Lymphoblastic Leukemia
TARGET-10-PASUBW-09A-01R	TARGET	Acute Lymphoblastic Leukemia
TARGET-10-PASUGC-09A-01R	TARGET	Acute Lymphoblastic Leukemia
TARGET-10-PASUIN-09A-01R	TARGET	Acute Lymphoblastic Leukemia
TARGET-10-PASUSV-09A-01R	TARGET	Acute Lymphoblastic Leukemia
TARGET-10-PASUWG-03B-01R	TARGET	Acute Lymphoblastic Leukemia
TARGET-10-PASVIN-09A-01R	TARGET	Acute Lymphoblastic Leukemia
TARGET-10-PASVPZ-09A-01R	TARGET	Acute Lymphoblastic Leukemia
TARGET-10-PASWFN-09A-01R	TARGET	Acute Lymphoblastic Leukemia
TARGET-10-PASWNU-09A-01R	TARGET	Acute Lymphoblastic Leukemia
TARGET-10-PASWSR-09A-01R	TARGET	Acute Lymphoblastic Leukemia
TARGET-10-PASWXB-09A-01R	TARGET	Acute Lymphoblastic Leukemia
TARGET-10-PASWXZ-09A-01R	TARGET	Acute Lymphoblastic Leukemia
TARGET-10-PASWZJ-09A-01R	TARGET	Acute Lymphoblastic Leukemia
TARGET-10-PASXFY-09B-01R	TARGET	Acute Lymphoblastic Leukemia
TARGET-10-PASXIL-09A-01R	TARGET	Acute Lymphoblastic Leukemia
TARGET-10-PASXLT-09A-01R	TARGET	Acute Lymphoblastic Leukemia
TARGET-10-PASXLZ-09A-01R	TARGET	Acute Lymphoblastic Leukemia
TARGET-10-PASXMF-09A-01R	TARGET	Acute Lymphoblastic Leukemia
TARGET-10-PASXSI-09A-01R	TARGET	Acute Lymphoblastic Leukemia
TARGET-10-PASXUC-09A-01R	TARGET	Acute Lymphoblastic Leukemia
TARGET-10-PASXUU-09A-01R	TARGET	Acute Lymphoblastic Leukemia
TARGET-10-PASXZH-09B-01R	TARGET	Acute Lymphoblastic Leukemia
TARGET-10-PASYAJ-09A-01R	TARGET	Acute Lymphoblastic Leukemia
TARGET-10-PASYCN-09A-01R	TARGET	Acute Lymphoblastic Leukemia
TARGET-10-PASYGM-03A-02R	TARGET	Acute Lymphoblastic Leukemia
TARGET-10-PASYHN-09A-01R	TARGET	Acute Lymphoblastic Leukemia
TARGET-10-PASYIS-09A-01R	TARGET	Acute Lymphoblastic Leukemia
TARGET-10-PASYSJ-09A-01R	TARGET	Acute Lymphoblastic Leukemia
TARGET-10-PASYWF-03A-01R	TARGET	Acute Lymphoblastic Leukemia
TARGET-10-PASZEW-09A-01R	TARGET	Acute Lymphoblastic Leukemia
TARGET-10-PASZIY-09A-01R	TARGET	Acute Lymphoblastic Leukemia
TARGET-10-PASZJW-03A-01R	TARGET	Acute Lymphoblastic Leukemia
TARGET-10-PATAAH-09B-01R	TARGET	Acute Lymphoblastic Leukemia
TARGET-10-PATALJ-09A-01R	TARGET	Acute Lymphoblastic Leukemia
TARGET-10-PATAXS-09A-01R	TARGET	Acute Lymphoblastic Leukemia
TARGET-10-PATAYT-09A-01R	TARGET	Acute Lymphoblastic Leukemia
TARGET-10-PATBDJ-09A-01R	TARGET	Acute Lymphoblastic Leukemia
TARGET-10-PATBDK-09A-01R	TARGET	Acute Lymphoblastic Leukemia
TARGET-10-PATBGC-09A-01R	TARGET	Acute Lymphoblastic Leukemia
TARGET-10-PATBNT-09A-01R	TARGET	Acute Lymphoblastic Leukemia
TARGET-10-PATBRV-09A-01R	TARGET	Acute Lymphoblastic Leukemia
TARGET-10-PATBTX-09A-01R	TARGET	Acute Lymphoblastic Leukemia
TARGET-10-PATBYK-09A-01R	TARGET	Acute Lymphoblastic Leukemia
TARGET-10-PATCDM-09A-01R	TARGET	Acute Lymphoblastic Leukemia
TARGET-10-PATCDZ-09A-01R	TARGET	Acute Lymphoblastic Leukemia
TARGET-10-PATCJJ-09B-01R	TARGET	Acute Lymphoblastic Leukemia
TARGET-10-PATCKV-09A-01R	TARGET	Acute Lymphoblastic Leukemia
TARGET-10-PATCNI-09A-01R	TARGET	Acute Lymphoblastic Leukemia
TARGET-10-PATCTI-09A-01R	TARGET	Acute Lymphoblastic Leukemia
TARGET-10-PATCUK-09A-01R	TARGET	Acute Lymphoblastic Leukemia
TARGET-10-PATCZN-09A-01R	TARGET	Acute Lymphoblastic Leukemia
TARGET-10-PATDBU-09A-01R	TARGET	Acute Lymphoblastic Leukemia
TARGET-10-PATDDZ-09A-01R	TARGET	Acute Lymphoblastic Leukemia
TARGET-10-PATDFE-09A-01R	TARGET	Acute Lymphoblastic Leukemia
TARGET-10-PATDGZ-09A-01R	TARGET	Acute Lymphoblastic Leukemia
TARGET-10-PATDKT-09A-01R	TARGET	Acute Lymphoblastic Leukemia
TARGET-10-PATDLG-09A-01R	TARGET	Acute Lymphoblastic Leukemia
TARGET-10-PATDMN-09A-01R	TARGET	Acute Lymphoblastic Leukemia
TARGET-10-PATEAK-09A-01R	TARGET	Acute Lymphoblastic Leukemia
TARGET-10-PATEFF-09A-01R	TARGET	Acute Lymphoblastic Leukemia
TARGET-10-PATEHZ-03A-01R	TARGET	Acute Lymphoblastic Leukemia
TARGET-10-PATEIT-09A-01R	TARGET	Acute Lymphoblastic Leukemia
TARGET-10-PATELK-03B-01R	TARGET	Acute Lymphoblastic Leukemia
TARGET-10-PATEMI-09A-01R	TARGET	Acute Lymphoblastic Leukemia
TARGET-10-PATENL-09A-01R	TARGET	Acute Lymphoblastic Leukemia
TARGET-10-PATEVE-09B-01R	TARGET	Acute Lymphoblastic Leukemia
TARGET-10-PATEVL-09A-01R	TARGET	Acute Lymphoblastic Leukemia
TARGET-10-PATEYS-09A-01R	TARGET	Acute Lymphoblastic Leukemia
TARGET-10-PATFJD-09A-01R	TARGET	Acute Lymphoblastic Leukemia
TARGET-10-PATFJP-09A-01R	TARGET	Acute Lymphoblastic Leukemia
TARGET-10-PATFRM-09A-01R	TARGET	Acute Lymphoblastic Leukemia
TARGET-10-PATFVG-09A-01R	TARGET	Acute Lymphoblastic Leukemia
TARGET-10-PATFWF-09A-01R	TARGET	Acute Lymphoblastic Leukemia
TARGET-10-PATFYZ-09A-01R	TARGET	Acute Lymphoblastic Leukemia
TARGET-10-PATGBY-09A-01R	TARGET	Acute Lymphoblastic Leukemia
TARGET-10-PATGKE-09A-01R	TARGET	Acute Lymphoblastic Leukemia
TARGET-10-PATGLV-09A-01R	TARGET	Acute Lymphoblastic Leukemia
TARGET-10-PATGMP-09A-01R	TARGET	Acute Lymphoblastic Leukemia
TARGET-10-PATGVX-09A-01R	TARGET	Acute Lymphoblastic Leukemia
TARGET-10-PATGWP-09A-01R	TARGET	Acute Lymphoblastic Leukemia
TARGET-10-PATGYH-09A-01R	TARGET	Acute Lymphoblastic Leukemia
TARGET-10-PATGZA-09A-01R	TARGET	Acute Lymphoblastic Leukemia
TARGET-10-PATHBG-09A-01R	TARGET	Acute Lymphoblastic Leukemia
TARGET-10-PATHFE-09A-01R	TARGET	Acute Lymphoblastic Leukemia
TARGET-10-PATHGY-09A-01R	TARGET	Acute Lymphoblastic Leukemia
TARGET-10-PATHJF-09A-01R	TARGET	Acute Lymphoblastic Leukemia
TARGET-10-PATHRF-09A-01R	TARGET	Acute Lymphoblastic Leukemia
TARGET-10-PATHWV-09A-01R	TARGET	Acute Lymphoblastic Leukemia
TARGET-10-PATIBE-09A-01R	TARGET	Acute Lymphoblastic Leukemia
TARGET-10-PATIKN-03A-01R	TARGET	Acute Lymphoblastic Leukemia
TARGET-10-PATITB-09A-01R	TARGET	Acute Lymphoblastic Leukemia
TARGET-10-PATITY-09A-01R	TARGET	Acute Lymphoblastic Leukemia
TARGET-10-PATJBC-09A-01R	TARGET	Acute Lymphoblastic Leukemia
TARGET-10-PATJLT-09A-01R	TARGET	Acute Lymphoblastic Leukemia
TARGET-10-PATJZK-09A-01R	TARGET	Acute Lymphoblastic Leukemia
TARGET-10-PATKGP-09A-01R	TARGET	Acute Lymphoblastic Leukemia
TARGET-10-PATKVD-09A-01R	TARGET	Acute Lymphoblastic Leukemia
TARGET-10-PATKWU-09A-01R	TARGET	Acute Lymphoblastic Leukemia
TARGET-10-PATKYI-09A-01R	TARGET	Acute Lymphoblastic Leukemia
TARGET-10-PATLGU-09A-01R	TARGET	Acute Lymphoblastic Leukemia
TARGET-10-PATLHH-09A-01R	TARGET	Acute Lymphoblastic Leukemia
TARGET-10-PATLHS-09A-01R	TARGET	Acute Lymphoblastic Leukemia
TARGET-10-PATLMA-03A-01R	TARGET	Acute Lymphoblastic Leukemia
TARGET-10-PATLNS-09A-01R	TARGET	Acute Lymphoblastic Leukemia
TARGET-10-PATLNZ-09A-01R	TARGET	Acute Lymphoblastic Leukemia
TARGET-10-PATLPN-03A-01R	TARGET	Acute Lymphoblastic Leukemia
TARGET-10-PATLRZ-09A-01R	TARGET	Acute Lymphoblastic Leukemia
TARGET-10-PATMAF-09A-01R	TARGET	Acute Lymphoblastic Leukemia
TARGET-10-PATMRE-09A-01R	TARGET	Acute Lymphoblastic Leukemia
TARGET-10-PATMTV-09A-01R	TARGET	Acute Lymphoblastic Leukemia
TARGET-10-PATMVH-09A-01R	TARGET	Acute Lymphoblastic Leukemia
TARGET-10-PATMYZ-09A-01R	TARGET	Acute Lymphoblastic Leukemia
TARGET-10-PATNAM-09A-01R	TARGET	Acute Lymphoblastic Leukemia
TARGET-10-PATNIA-09A-01R	TARGET	Acute Lymphoblastic Leukemia
TARGET-10-PATPDA-09A-01R	TARGET	Acute Lymphoblastic Leukemia
TARGET-10-PATPGE-09A-01R	TARGET	Acute Lymphoblastic Leukemia
TARGET-10-PATPWF-03A-01R	TARGET	Acute Lymphoblastic Leukemia
TARGET-10-PATRAB-09A-01R	TARGET	Acute Lymphoblastic Leukemia
TARGET-10-PATRGV-09A-01R	TARGET	Acute Lymphoblastic Leukemia
TARGET-10-PATRHL-09A-01R	TARGET	Acute Lymphoblastic Leukemia
TARGET-10-PATRNA-09A-01R	TARGET	Acute Lymphoblastic Leukemia
TARGET-10-PATRUN-09A-01R	TARGET	Acute Lymphoblastic Leukemia
TARGET-10-PATRXL-09A-01R	TARGET	Acute Lymphoblastic Leukemia
TARGET-10-PATSDS-03A-01R	TARGET	Acute Lymphoblastic Leukemia
TARGET-10-PATSIL-09A-01R	TARGET	Acute Lymphoblastic Leukemia
TARGET-10-PATSIY-09A-01R	TARGET	Acute Lymphoblastic Leukemia
TARGET-10-PATSLH-09A-01R	TARGET	Acute Lymphoblastic Leukemia
TARGET-10-PATTEE-03A-02R	TARGET	Acute Lymphoblastic Leukemia
TARGET-10-PATTHR-09A-01R	TARGET	Acute Lymphoblastic Leukemia
TARGET-10-PATVDA-03A-01R	TARGET	Acute Lymphoblastic Leukemia
TARGET-10-PATWHB-09A-01R	TARGET	Acute Lymphoblastic Leukemia
TARGET-10-PATWIJ-09A-01R	TARGET	Acute Lymphoblastic Leukemia
TARGET-10-PATWJU-09A-01R	TARGET	Acute Lymphoblastic Leukemia
TARGET-10-PATWNL-09A-01R	TARGET	Acute Lymphoblastic Leukemia
TARGET-10-PATWXC-09A-01R	TARGET	Acute Lymphoblastic Leukemia
TARGET-10-PATWYL-09A-01R	TARGET	Acute Lymphoblastic Leukemia
TARGET-10-PATWYZ-09A-01R	TARGET	Acute Lymphoblastic Leukemia
TARGET-10-PATXAL-09A-01R	TARGET	Acute Lymphoblastic Leukemia
TARGET-10-PATXKW-03A-01R	TARGET	Acute Lymphoblastic Leukemia
TARGET-10-PATXNK-09A-01R	TARGET	Acute Lymphoblastic Leukemia
TARGET-10-PATXNR-09A-01R	TARGET	Acute Lymphoblastic Leukemia
TARGET-10-PATXSK-09A-01R	TARGET	Acute Lymphoblastic Leukemia
TARGET-10-PATYCH-09A-01R	TARGET	Acute Lymphoblastic Leukemia
TARGET-10-PATYJK-09A-01R	TARGET	Acute Lymphoblastic Leukemia
TARGET-10-PATYMP-09A-01R	TARGET	Acute Lymphoblastic Leukemia
TARGET-10-PATYWV-09A-01R	TARGET	Acute Lymphoblastic Leukemia
TARGET-10-PATZFF-09A-01R	TARGET	Acute Lymphoblastic Leukemia
TARGET-10-PATZSL-09A-01R	TARGET	Acute Lymphoblastic Leukemia
TARGET-10-PATZVD-09A-01R	TARGET	Acute Lymphoblastic Leukemia
TARGET-10-PATZWA-03A-01R	TARGET	Acute Lymphoblastic Leukemia
TARGET-10-PATZYC-09A-01R	TARGET	Acute Lymphoblastic Leukemia
TARGET-10-PATZYR-03A-01R	TARGET	Acute Lymphoblastic Leukemia
TARGET-10-PAUACG-09A-01R	TARGET	Acute Lymphoblastic Leukemia
TARGET-10-PAUAFN-09A-01R	TARGET	Acute Lymphoblastic Leukemia
TARGET-10-PAUAJA-09A-01R	TARGET	Acute Lymphoblastic Leukemia
TARGET-10-PAUAYB-09A-01R	TARGET	Acute Lymphoblastic Leukemia
TARGET-10-PAUAZV-09A-01R	TARGET	Acute Lymphoblastic Leukemia
TARGET-10-PAUBCB-09A-01R	TARGET	Acute Lymphoblastic Leukemia
TARGET-10-PAUBCT-09A-01R	TARGET	Acute Lymphoblastic Leukemia
TARGET-10-PAUBLL-09A-01R	TARGET	Acute Lymphoblastic Leukemia
TARGET-10-PAUBPY-09A-01R	TARGET	Acute Lymphoblastic Leukemia
TARGET-10-PAUBRD-09A-01R	TARGET	Acute Lymphoblastic Leukemia
TARGET-10-PAUBTC-09A-01R	TARGET	Acute Lymphoblastic Leukemia
TARGET-10-PAUBXP-09A-01R	TARGET	Acute Lymphoblastic Leukemia
TARGET-10-PAUCDC-09A-01R	TARGET	Acute Lymphoblastic Leukemia
TARGET-10-PAUCDY-09A-01R	TARGET	Acute Lymphoblastic Leukemia
TARGET-15-PAREAT-09B-01R	TARGET	Acute Lymphoblastic Leukemia
TARGET-15-PARWPU-09B-01R	TARGET	Acute Lymphoblastic Leukemia
TARGET-15-SJMPAL011911-03A-01R	TARGET	Acute Lymphoblastic Leukemia
TARGET-15-SJMPAL011912-09A-01R	TARGET	Acute Lymphoblastic Leukemia
TARGET-15-SJMPAL011913-09A-01R	TARGET	Acute Lymphoblastic Leukemia
TARGET-15-SJMPAL011914-09A-01R	TARGET	Acute Lymphoblastic Leukemia
TARGET-15-SJMPAL011915-09A-01R	TARGET	Acute Lymphoblastic Leukemia
TARGET-15-SJMPAL012417-09A-01R	TARGET	Acute Lymphoblastic Leukemia
TARGET-15-SJMPAL012418-09A-01R	TARGET	Acute Lymphoblastic Leukemia
TARGET-15-SJMPAL012419-09A-01R	TARGET	Acute Lymphoblastic Leukemia
TARGET-15-SJMPAL012420-09A-01R	TARGET	Acute Lymphoblastic Leukemia
TARGET-15-SJMPAL012421-09B-01R	TARGET	Acute Lymphoblastic Leukemia
TARGET-15-SJMPAL012422-09A-01R	TARGET	Acute Lymphoblastic Leukemia
TARGET-15-SJMPAL012425-09A-01R	TARGET	Acute Lymphoblastic Leukemia
TARGET-15-SJMPAL016340-09A-01R	TARGET	Acute Lymphoblastic Leukemia
TARGET-15-SJMPAL016342-09B-01R	TARGET	Acute Lymphoblastic Leukemia
TARGET-15-SJMPAL016343-09A-01R	TARGET	Acute Lymphoblastic Leukemia
TARGET-15-SJMPAL016344-09A-01R	TARGET	Acute Lymphoblastic Leukemia
TARGET-15-SJMPAL016447-09A-01R	TARGET	Acute Lymphoblastic Leukemia
TARGET-15-SJMPAL016448-09A-01R	TARGET	Acute Lymphoblastic Leukemia
TARGET-15-SJMPAL017973-09A-01R	TARGET	Acute Lymphoblastic Leukemia
TARGET-15-SJMPAL017975-03B-01R	TARGET	Acute Lymphoblastic Leukemia
TARGET-15-SJMPAL017977-09A-01R	TARGET	Acute Lymphoblastic Leukemia
TARGET-15-SJMPAL017978-09A-01R	TARGET	Acute Lymphoblastic Leukemia
TARGET-15-SJMPAL017981-03A-01R	TARGET	Acute Lymphoblastic Leukemia
TARGET-15-SJMPAL022667-09A-01R	TARGET	Acute Lymphoblastic Leukemia
TARGET-15-SJMPAL040024-09A-01R	TARGET	Acute Lymphoblastic Leukemia
TARGET-15-SJMPAL040025-09A-01R	TARGET	Acute Lymphoblastic Leukemia
TARGET-15-SJMPAL040026-09A-01R	TARGET	Acute Lymphoblastic Leukemia
TARGET-15-SJMPAL040027-09A-01R	TARGET	Acute Lymphoblastic Leukemia
TARGET-15-SJMPAL040030-09A-01R	TARGET	Acute Lymphoblastic Leukemia
TARGET-15-SJMPAL040031-09A-01R	TARGET	Acute Lymphoblastic Leukemia
TARGET-15-SJMPAL040033-09A-01R	TARGET	Acute Lymphoblastic Leukemia
TARGET-15-SJMPAL040034-09A-01R	TARGET	Acute Lymphoblastic Leukemia
TARGET-15-SJMPAL040035-03A-01R	TARGET	Acute Lymphoblastic Leukemia
TARGET-15-SJMPAL040036-03A-01R	TARGET	Acute Lymphoblastic Leukemia
TARGET-15-SJMPAL040037-09B-01R	TARGET	Acute Lymphoblastic Leukemia
TARGET-15-SJMPAL040038-09A-01R	TARGET	Acute Lymphoblastic Leukemia
TARGET-15-SJMPAL040039-09A-01R	TARGET	Acute Lymphoblastic Leukemia
TARGET-15-SJMPAL040459-09A-01R	TARGET	Acute Lymphoblastic Leukemia
TARGET-15-SJMPAL041117-09A-01R	TARGET	Acute Lymphoblastic Leukemia
TARGET-15-SJMPAL041118-09A-01R	TARGET	Acute Lymphoblastic Leukemia
TARGET-15-SJMPAL041119-09B-01R	TARGET	Acute Lymphoblastic Leukemia
TARGET-15-SJMPAL041120-09A-01R	TARGET	Acute Lymphoblastic Leukemia
TARGET-15-SJMPAL041122-09A-01R	TARGET	Acute Lymphoblastic Leukemia
TARGET-15-SJMPAL042787-09A-01R	TARGET	Acute Lymphoblastic Leukemia
TARGET-15-SJMPAL042791-09B-01R	TARGET	Acute Lymphoblastic Leukemia
TARGET-15-SJMPAL042792-09A-01R	TARGET	Acute Lymphoblastic Leukemia
TARGET-15-SJMPAL042793-09A-01R	TARGET	Acute Lymphoblastic Leukemia
TARGET-15-SJMPAL042794-09B-01R	TARGET	Acute Lymphoblastic Leukemia
TARGET-15-SJMPAL042796-09A-01R	TARGET	Acute Lymphoblastic Leukemia
TARGET-15-SJMPAL042797-09A-01R	TARGET	Acute Lymphoblastic Leukemia
TARGET-15-SJMPAL042798-09A-01R	TARGET	Acute Lymphoblastic Leukemia
TARGET-15-SJMPAL042799-09A-01R	TARGET	Acute Lymphoblastic Leukemia
TARGET-15-SJMPAL042801-09A-01R	TARGET	Acute Lymphoblastic Leukemia
TARGET-15-SJMPAL042943-09A-01R	TARGET	Acute Lymphoblastic Leukemia
TARGET-15-SJMPAL042946-09A-01R	TARGET	Acute Lymphoblastic Leukemia
TARGET-15-SJMPAL043505-09B-01R	TARGET	Acute Lymphoblastic Leukemia
TARGET-15-SJMPAL043508-09B-01R	TARGET	Acute Lymphoblastic Leukemia
TARGET-15-SJMPAL043510-09A-01R	TARGET	Acute Lymphoblastic Leukemia
TARGET-15-SJMPAL043511-09B-01R	TARGET	Acute Lymphoblastic Leukemia
TARGET-15-SJMPAL043512-09B-01R	TARGET	Acute Lymphoblastic Leukemia
TARGET-15-SJMPAL043514-09A-01R	TARGET	Acute Lymphoblastic Leukemia
TARGET-15-SJMPAL043767-09B-01R	TARGET	Acute Lymphoblastic Leukemia
TARGET-15-SJMPAL043768-09B-01R	TARGET	Acute Lymphoblastic Leukemia
TARGET-15-SJMPAL043769-03B-01R	TARGET	Acute Lymphoblastic Leukemia
TARGET-15-SJMPAL043770-09B-01R	TARGET	Acute Lymphoblastic Leukemia
TARGET-15-SJMPAL043771-09B-01R	TARGET	Acute Lymphoblastic Leukemia
TARGET-15-SJMPAL043773-03B-01R	TARGET	Acute Lymphoblastic Leukemia
TARGET-15-SJMPAL043774-09B-01R	TARGET	Acute Lymphoblastic Leukemia
TARGET-15-SJMPAL043775-09B-01R	TARGET	Acute Lymphoblastic Leukemia
TARGET-15-SJMPAL044948-09A-01R	TARGET	Acute Lymphoblastic Leukemia
TARGET-15-SJMPAL044949-09A-01R	TARGET	Acute Lymphoblastic Leukemia
TARGET-15-SJMPAL044950-09A-01R	TARGET	Acute Lymphoblastic Leukemia
TARGET-15-SJMPAL044953-09A-01R	TARGET	Acute Lymphoblastic Leukemia
TARGET-15-SJMPAL046466-09A-01R	TARGET	Acute Lymphoblastic Leukemia
TARGET-15-SJMPAL046467-09A-01R	TARGET	Acute Lymphoblastic Leukemia
TARGET-15-SJMPAL046468-09A-01R	TARGET	Acute Lymphoblastic Leukemia
TARGET-15-SJMPAL046469-09A-01R	TARGET	Acute Lymphoblastic Leukemia
TARGET-15-SJMPAL046470-09A-01R	TARGET	Acute Lymphoblastic Leukemia
TARGET-15-SJMPAL046471-09A-01R	TARGET	Acute Lymphoblastic Leukemia
TARGET-15-SJMPAL046472-09A-01R	TARGET	Acute Lymphoblastic Leukemia
TARGET-20-PADYIR-09A-01R	TARGET	Acute Myeloid Leukemia
TARGET-20-PADZCG-09A-02R	TARGET	Acute Myeloid Leukemia
TARGET-20-PAEAKL-09A-03R	TARGET	Acute Myeloid Leukemia
TARGET-20-PAECCE-09A-01R	TARGET	Acute Myeloid Leukemia
TARGET-20-PAEERJ-09A-01R	TARGET	Acute Myeloid Leukemia
TARGET-20-PAEFGR-09A-02R	TARGET	Acute Myeloid Leukemia
TARGET-20-PAEFGT-03A-01R	TARGET	Acute Myeloid Leukemia
TARGET-20-PAEIKD-09A-01R	TARGET	Acute Myeloid Leukemia
TARGET-20-PAKERZ-09A-01R	TARGET	Acute Myeloid Leukemia
TARGET-20-PAKIWK-09A-01R	TARGET	Acute Myeloid Leukemia
TARGET-20-PAKIYW-09A-01R	TARGET	Acute Myeloid Leukemia
TARGET-20-PAKLPD-09A-02R	TARGET	Acute Myeloid Leukemia
TARGET-20-PAKSMZ-03A-02R	TARGET	Acute Myeloid Leukemia
TARGET-20-PAKTCX-09A-02R	TARGET	Acute Myeloid Leukemia
TARGET-20-PAKVGI-09A-01R	TARGET	Acute Myeloid Leukemia
TARGET-20-PALGKX-09A-03R	TARGET	Acute Myeloid Leukemia
TARGET-20-PAMVKZ-09A-03R	TARGET	Acute Myeloid Leukemia
TARGET-20-PAMYAS-09A-03R	TARGET	Acute Myeloid Leukemia
TARGET-20-PAMYGX-09A-03R	TARGET	Acute Myeloid Leukemia
TARGET-20-PANAEV-09A-03R	TARGET	Acute Myeloid Leukemia
TARGET-20-PANBZH-09A-03R	TARGET	Acute Myeloid Leukemia
TARGET-20-PANDER-09A-02R	TARGET	Acute Myeloid Leukemia
TARGET-20-PANDIX-09A-03R	TARGET	Acute Myeloid Leukemia
TARGET-20-PANFMG-09A-04R	TARGET	Acute Myeloid Leukemia
TARGET-20-PANGCM-03A-03R	TARGET	Acute Myeloid Leukemia
TARGET-20-PANGDN-09A-05R	TARGET	Acute Myeloid Leukemia
TARGET-20-PANGJY-09A-03R	TARGET	Acute Myeloid Leukemia
TARGET-20-PANGTF-09A-04R	TARGET	Acute Myeloid Leukemia
TARGET-20-PANHYK-09A-01R	TARGET	Acute Myeloid Leukemia
TARGET-20-PANINI-09A-03R	TARGET	Acute Myeloid Leukemia
TARGET-20-PANKFZ-09A-04R	TARGET	Acute Myeloid Leukemia
TARGET-20-PANKKE-09A-03R	TARGET	Acute Myeloid Leukemia
TARGET-20-PANKNB-09A-03R	TARGET	Acute Myeloid Leukemia
TARGET-20-PANLIR-09A-02R	TARGET	Acute Myeloid Leukemia
TARGET-20-PANLIZ-09A-03R	TARGET	Acute Myeloid Leukemia
TARGET-20-PANLJN-09A-03R	TARGET	Acute Myeloid Leukemia
TARGET-20-PANLKB-09A-03R	TARGET	Acute Myeloid Leukemia
TARGET-20-PANLLX-09A-01R	TARGET	Acute Myeloid Leukemia
TARGET-20-PANLXM-09A-03R	TARGET	Acute Myeloid Leukemia
TARGET-20-PANNHB-09A-03R	TARGET	Acute Myeloid Leukemia
TARGET-20-PANPKN-09A-03R	TARGET	Acute Myeloid Leukemia
TARGET-20-PANPLS-03A-04R	TARGET	Acute Myeloid Leukemia
TARGET-20-PANPTM-09A-02R	TARGET	Acute Myeloid Leukemia
TARGET-20-PANSBH-09A-05R	TARGET	Acute Myeloid Leukemia
TARGET-20-PANSJB-09A-03R	TARGET	Acute Myeloid Leukemia
TARGET-20-PANTNA-09A-02R	TARGET	Acute Myeloid Leukemia
TARGET-20-PANTPW-09A-02R	TARGET	Acute Myeloid Leukemia
TARGET-20-PANUTB-09A-05R	TARGET	Acute Myeloid Leukemia
TARGET-20-PANUUA-09A-02R	TARGET	Acute Myeloid Leukemia
TARGET-20-PANVGE-09A-02R	TARGET	Acute Myeloid Leukemia
TARGET-20-PANVGP-03A-04R	TARGET	Acute Myeloid Leukemia
TARGET-20-PANWHP-09A-02R	TARGET	Acute Myeloid Leukemia
TARGET-20-PANYNR-03A-03R	TARGET	Acute Myeloid Leukemia
TARGET-20-PANYSN-03A-04R	TARGET	Acute Myeloid Leukemia
TARGET-20-PANZKA-09A-02R	TARGET	Acute Myeloid Leukemia
TARGET-20-PAPAWN-09A-02R	TARGET	Acute Myeloid Leukemia
TARGET-20-PAPBEJ-09A-03R	TARGET	Acute Myeloid Leukemia
TARGET-20-PAPVCN-09A-03R	TARGET	Acute Myeloid Leukemia
TARGET-20-PAPVDV-03A-01R	TARGET	Acute Myeloid Leukemia
TARGET-20-PAPVZK-09A-03R	TARGET	Acute Myeloid Leukemia
TARGET-20-PAPWHS-09A-03R	TARGET	Acute Myeloid Leukemia
TARGET-20-PAPWIU-09A-03R	TARGET	Acute Myeloid Leukemia
TARGET-20-PAPWYK-09A-03R	TARGET	Acute Myeloid Leukemia
TARGET-20-PAPXRJ-09A-01R	TARGET	Acute Myeloid Leukemia
TARGET-20-PAPXWI-09A-03R	TARGET	Acute Myeloid Leukemia
TARGET-20-PARAJX-09A-02R	TARGET	Acute Myeloid Leukemia
TARGET-20-PARANT-09A-02R	TARGET	Acute Myeloid Leukemia
TARGET-20-PARASV-03A-03R	TARGET	Acute Myeloid Leukemia
TARGET-20-PARBFJ-09A-02R	TARGET	Acute Myeloid Leukemia
TARGET-20-PARBIU-09A-03R	TARGET	Acute Myeloid Leukemia
TARGET-20-PARBRA-09A-03R	TARGET	Acute Myeloid Leukemia
TARGET-20-PARCCH-03A-03R	TARGET	Acute Myeloid Leukemia
TARGET-20-PARCUK-09A-03R	TARGET	Acute Myeloid Leukemia
TARGET-20-PARCZL-09A-02R	TARGET	Acute Myeloid Leukemia
TARGET-20-PARDDY-09A-05R	TARGET	Acute Myeloid Leukemia
TARGET-20-PARDMG-09A-03R	TARGET	Acute Myeloid Leukemia
TARGET-20-PARENB-09A-03R	TARGET	Acute Myeloid Leukemia
TARGET-20-PARFAL-09A-05R	TARGET	Acute Myeloid Leukemia
TARGET-20-PARGVC-03A-03R	TARGET	Acute Myeloid Leukemia
TARGET-20-PARHVK-09A-04R	TARGET	Acute Myeloid Leukemia
TARGET-20-PARIHK-03A-03R	TARGET	Acute Myeloid Leukemia
TARGET-20-PARIMT-03A-01R	TARGET	Acute Myeloid Leukemia
TARGET-20-PARIZR-03A-02R	TARGET	Acute Myeloid Leukemia
TARGET-20-PARJCR-09A-01R	TARGET	Acute Myeloid Leukemia
TARGET-20-PARJYP-03A-01R	TARGET	Acute Myeloid Leukemia
TARGET-20-PARKCX-09A-03R	TARGET	Acute Myeloid Leukemia
TARGET-20-PARMZF-09A-02R	TARGET	Acute Myeloid Leukemia
TARGET-20-PARPDS-09A-01R	TARGET	Acute Myeloid Leukemia
TARGET-20-PARPWL-09A-03R	TARGET	Acute Myeloid Leukemia
TARGET-20-PARSAN-03A-01R	TARGET	Acute Myeloid Leukemia
TARGET-20-PARSHM-03A-02R	TARGET	Acute Myeloid Leukemia
TARGET-20-PARTAL-09A-02R	TARGET	Acute Myeloid Leukemia
TARGET-20-PARUDL-03A-01R	TARGET	Acute Myeloid Leukemia
TARGET-20-PARUNX-09A-04R	TARGET	Acute Myeloid Leukemia
TARGET-20-PARUTH-09A-04R	TARGET	Acute Myeloid Leukemia
TARGET-20-PARUUB-09A-02R	TARGET	Acute Myeloid Leukemia
TARGET-20-PARUWX-09A-02R	TARGET	Acute Myeloid Leukemia
TARGET-20-PARVAI-03A-02R	TARGET	Acute Myeloid Leukemia
TARGET-20-PARWDZ-09A-01R	TARGET	Acute Myeloid Leukemia
TARGET-20-PARXBT-09A-02R	TARGET	Acute Myeloid Leukemia
TARGET-20-PARXMP-09A-02R	TARGET	Acute Myeloid Leukemia
TARGET-20-PARXNG-09A-01R	TARGET	Acute Myeloid Leukemia
TARGET-20-PARYFN-03A-01R	TARGET	Acute Myeloid Leukemia
TARGET-20-PARYGA-09A-03R	TARGET	Acute Myeloid Leukemia
TARGET-20-PARYVW-09A-01R	TARGET	Acute Myeloid Leukemia
TARGET-20-PARZUU-09A-04R	TARGET	Acute Myeloid Leukemia
TARGET-20-PARZWH-09A-03R	TARGET	Acute Myeloid Leukemia
TARGET-20-PASBHI-09A-01R	TARGET	Acute Myeloid Leukemia
TARGET-20-PASBPK-09A-02R	TARGET	Acute Myeloid Leukemia
TARGET-20-PASCFW-09A-01R	TARGET	Acute Myeloid Leukemia
TARGET-20-PASCGR-03A-02R	TARGET	Acute Myeloid Leukemia
TARGET-20-PASFEW-09A-05R	TARGET	Acute Myeloid Leukemia
TARGET-20-PASGGK-03A-01R	TARGET	Acute Myeloid Leukemia
TARGET-20-PASGMZ-09A-01R	TARGET	Acute Myeloid Leukemia
TARGET-20-PASGWH-09A-04R	TARGET	Acute Myeloid Leukemia
TARGET-20-PASHBI-09A-01R	TARGET	Acute Myeloid Leukemia
TARGET-20-PASHYZ-09A-03R	TARGET	Acute Myeloid Leukemia
TARGET-20-PASIBG-09A-01R	TARGET	Acute Myeloid Leukemia
TARGET-20-PASJTM-09A-01R	TARGET	Acute Myeloid Leukemia
TARGET-20-PASLSD-03A-01R	TARGET	Acute Myeloid Leukemia
TARGET-20-PASMGW-09A-01R	TARGET	Acute Myeloid Leukemia
TARGET-20-PASMHY-03A-03R	TARGET	Acute Myeloid Leukemia
TARGET-20-PASPGA-09A-02R	TARGET	Acute Myeloid Leukemia
TARGET-20-PASPKE-09A-04R	TARGET	Acute Myeloid Leukemia
TARGET-20-PASPLU-09A-02R	TARGET	Acute Myeloid Leukemia
TARGET-20-PASPTM-09A-03R	TARGET	Acute Myeloid Leukemia
TARGET-20-PASSSI-09A-02R	TARGET	Acute Myeloid Leukemia
TARGET-20-PASTTW-09A-01R	TARGET	Acute Myeloid Leukemia
TARGET-20-PASTUH-03A-01R	TARGET	Acute Myeloid Leukemia
TARGET-20-PASVVS-09A-03R	TARGET	Acute Myeloid Leukemia
TARGET-20-PASVYA-09A-01R	TARGET	Acute Myeloid Leukemia
TARGET-20-PASVYL-09A-01R	TARGET	Acute Myeloid Leukemia
TARGET-20-PASWAJ-09A-04R	TARGET	Acute Myeloid Leukemia
TARGET-20-PASWAT-09A-01R	TARGET	Acute Myeloid Leukemia
TARGET-20-PASWLN-09A-01R	TARGET	Acute Myeloid Leukemia
TARGET-20-PASWPD-09A-02R	TARGET	Acute Myeloid Leukemia
TARGET-20-PASWPT-09A-01R	TARGET	Acute Myeloid Leukemia
TARGET-20-PASXYG-09A-05R	TARGET	Acute Myeloid Leukemia
TARGET-20-PASYJI-09A-03R	TARGET	Acute Myeloid Leukemia
TARGET-20-PASZLJ-09A-01R	TARGET	Acute Myeloid Leukemia
TARGET-20-PATDHA-09A-01R	TARGET	Acute Myeloid Leukemia
TARGET-20-PATDNN-09A-03R	TARGET	Acute Myeloid Leukemia
TARGET-20-PATELT-03A-05R	TARGET	Acute Myeloid Leukemia
TARGET-20-PATIAK-09A-01R	TARGET	Acute Myeloid Leukemia
TARGET-20-PATJHJ-09A-01R	TARGET	Acute Myeloid Leukemia
TARGET-21-PAMYMA-09A-02R	TARGET	Acute Myeloid Leukemia
TARGET-21-PANVPB-09A-02R	TARGET	Acute Myeloid Leukemia
TARGET-21-PANZLR-09A-03R	TARGET	Acute Myeloid Leukemia
TARGET-21-PARLSL-09A-02R	TARGET	Acute Myeloid Leukemia
TARGET-21-PARXYR-03A-03R	TARGET	Acute Myeloid Leukemia
TARGET-21-PASFHK-41A-01R	TARGET	Acute Myeloid Leukemia
TARGET-21-PASFJJ-09A-01R	TARGET	Acute Myeloid Leukemia
TARGET-21-PASFLG-41A-03R	TARGET	Acute Myeloid Leukemia
TARGET-21-PASLZE-09A-01R	TARGET	Acute Myeloid Leukemia
TARGET-21-PASNKZ-09A-01R	TARGET	Acute Myeloid Leukemia
TARGET-21-PASSLT-41A-02R	TARGET	Acute Myeloid Leukemia
TARGET-21-PASTZK-09A-01R	TARGET	Acute Myeloid Leukemia
TARGET-21-PASVJS-09A-01R	TARGET	Acute Myeloid Leukemia
TARGET-21-PASYEJ-09A-01R	TARGET	Acute Myeloid Leukemia
TARGET-21-PASYWA-41A-01R	TARGET	Acute Myeloid Leukemia
TARGET-21-PATAIJ-42A-01R	TARGET	Acute Myeloid Leukemia
TARGET-21-PATHIU-09A-01R	TARGET	Acute Myeloid Leukemia
TARGET-21-PATISD-09A-01R	TARGET	Acute Myeloid Leukemia
TARGET-21-PATJMY-09A-01R	TARGET	Acute Myeloid Leukemia
TARGET-21-PATKBK-03A-01R	TARGET	Acute Myeloid Leukemia
TARGET-21-PATKKJ-41A-01R	TARGET	Acute Myeloid Leukemia
TARGET-21-PATKWH-09A-01R	TARGET	Acute Myeloid Leukemia
TARGET-30-PAIFXV-01A-01R	TARGET	Neuroblastoma
TARGET-30-PAIPGU-01A-01R	TARGET	Neuroblastoma
TARGET-30-PAISNS-01A-01R	TARGET	Neuroblastoma
TARGET-30-PAITCI-01A-01R	TARGET	Neuroblastoma
TARGET-30-PAITEG-01A-01R	TARGET	Neuroblastoma
TARGET-30-PAIVHE-01A-01R	TARGET	Neuroblastoma
TARGET-30-PAKYZS-01A-01R	TARGET	Neuroblastoma
TARGET-30-PAKZRH-01A-01R	TARGET	Neuroblastoma
TARGET-30-PALBFW-01A-01R	TARGET	Neuroblastoma
TARGET-30-PALCBW-01A-01R	TARGET	Neuroblastoma
TARGET-30-PALETP-01A-01R	TARGET	Neuroblastoma
TARGET-30-PALEVG-01A-01R	TARGET	Neuroblastoma
TARGET-30-PALIIN-01A-01R	TARGET	Neuroblastoma
TARGET-30-PALKUC-01A-01R	TARGET	Neuroblastoma
TARGET-30-PALNVP-01A-01R	TARGET	Neuroblastoma
TARGET-30-PALTEG-01A-01R	TARGET	Neuroblastoma
TARGET-30-PALUYS-01A-01R	TARGET	Neuroblastoma
TARGET-30-PALVKK-01A-01R	TARGET	Neuroblastoma
TARGET-30-PALWVJ-01A-01R	TARGET	Neuroblastoma
TARGET-30-PALXTB-01A-01R	TARGET	Neuroblastoma
TARGET-30-PALZZV-01A-01R	TARGET	Neuroblastoma
TARGET-30-PAMBMJ-01A-01R	TARGET	Neuroblastoma
TARGET-30-PAMEZH-01A-01R	TARGET	Neuroblastoma
TARGET-30-PAMMXF-01A-01R	TARGET	Neuroblastoma
TARGET-30-PAMNLH-01A-01R	TARGET	Neuroblastoma
TARGET-30-PAMVRA-01A-01R	TARGET	Neuroblastoma
TARGET-30-PAMYCE-01A-01R	TARGET	Neuroblastoma
TARGET-30-PAMZGT-01A-01R	TARGET	Neuroblastoma
TARGET-30-PAMZMG-01A-01R	TARGET	Neuroblastoma
TARGET-30-PANBJH-01A-01R	TARGET	Neuroblastoma
TARGET-30-PANBMJ-01A-01R	TARGET	Neuroblastoma
TARGET-30-PANBSP-01A-01R	TARGET	Neuroblastoma
TARGET-30-PANGXK-01A-01R	TARGET	Neuroblastoma
TARGET-30-PANJLH-01A-01R	TARGET	Neuroblastoma
TARGET-30-PANKFE-01A-01R	TARGET	Neuroblastoma
TARGET-30-PANLET-01A-01R	TARGET	Neuroblastoma
TARGET-30-PANNMS-01A-01R	TARGET	Neuroblastoma
TARGET-30-PANRHJ-01A-01R	TARGET	Neuroblastoma
TARGET-30-PANRRW-01A-01R	TARGET	Neuroblastoma
TARGET-30-PANRVJ-01A-01R	TARGET	Neuroblastoma
TARGET-30-PANSBN-01A-01R	TARGET	Neuroblastoma
TARGET-30-PANUIF-01A-01R	TARGET	Neuroblastoma
TARGET-30-PANWRR-01A-01R	TARGET	Neuroblastoma
TARGET-30-PANXJL-01A-01R	TARGET	Neuroblastoma
TARGET-30-PANYGR-01A-01R	TARGET	Neuroblastoma
TARGET-30-PANZPV-01A-01R	TARGET	Neuroblastoma
TARGET-30-PANZRV-01A-01R	TARGET	Neuroblastoma
TARGET-30-PANZVU-01A-01R	TARGET	Neuroblastoma
TARGET-30-PAPBGH-01A-01R	TARGET	Neuroblastoma
TARGET-30-PAPBJE-01A-01R	TARGET	Neuroblastoma
TARGET-30-PAPBZI-01A-01R	TARGET	Neuroblastoma
TARGET-30-PAPCTS-01A-01R	TARGET	Neuroblastoma
TARGET-30-PAPEFE-01A-01R	TARGET	Neuroblastoma
TARGET-30-PAPHPE-01A-01R	TARGET	Neuroblastoma
TARGET-30-PAPICY-01A-01R	TARGET	Neuroblastoma
TARGET-30-PAPKWN-01A-01R	TARGET	Neuroblastoma
TARGET-30-PAPKXS-01A-01R	TARGET	Neuroblastoma
TARGET-30-PAPLSD-01A-01R	TARGET	Neuroblastoma
TARGET-30-PAPTAN-01A-01R	TARGET	Neuroblastoma
TARGET-30-PAPTCR-01A-01R	TARGET	Neuroblastoma
TARGET-30-PAPTDH-01A-01R	TARGET	Neuroblastoma
TARGET-30-PAPTFZ-01A-01R	TARGET	Neuroblastoma
TARGET-30-PAPTLV-01A-01R	TARGET	Neuroblastoma
TARGET-30-PAPUEB-01A-01R	TARGET	Neuroblastoma
TARGET-30-PAPUNH-01A-01R	TARGET	Neuroblastoma
TARGET-30-PAPUWY-01A-01R	TARGET	Neuroblastoma
TARGET-30-PAPVFD-01A-01R	TARGET	Neuroblastoma
TARGET-30-PAPVRN-01A-01R	TARGET	Neuroblastoma
TARGET-30-PAPVXS-01A-01R	TARGET	Neuroblastoma
TARGET-30-PAPZYP-01A-01R	TARGET	Neuroblastoma
TARGET-30-PAPZYZ-01A-01R	TARGET	Neuroblastoma
TARGET-30-PARACM-01A-01R	TARGET	Neuroblastoma
TARGET-30-PARACS-01A-01R	TARGET	Neuroblastoma
TARGET-30-PARAMT-01A-01R	TARGET	Neuroblastoma
TARGET-30-PARBAJ-01A-01R	TARGET	Neuroblastoma
TARGET-30-PARBGP-01A-01R	TARGET	Neuroblastoma
TARGET-30-PARDCK-01A-01R	TARGET	Neuroblastoma
TARGET-30-PARDIW-01A-01R	TARGET	Neuroblastoma
TARGET-30-PARFRE-01A-01R	TARGET	Neuroblastoma
TARGET-30-PARFWB-01A-01R	TARGET	Neuroblastoma
TARGET-30-PARGKK-01A-01R	TARGET	Neuroblastoma
TARGET-30-PARHAM-01A-01R	TARGET	Neuroblastoma
TARGET-30-PARJVP-01A-01R	TARGET	Neuroblastoma
TARGET-30-PARKGJ-01A-01R	TARGET	Neuroblastoma
TARGET-30-PARNNC-01A-01R	TARGET	Neuroblastoma
TARGET-30-PARSBI-01A-01R	TARGET	Neuroblastoma
TARGET-30-PARVLK-01A-01R	TARGET	Neuroblastoma
TARGET-30-PARYNK-01A-01R	TARGET	Neuroblastoma
TARGET-30-PARZCJ-01A-01R	TARGET	Neuroblastoma
TARGET-30-PARZHA-01A-01R	TARGET	Neuroblastoma
TARGET-30-PARZIP-01A-01R	TARGET	Neuroblastoma
TARGET-30-PASCFC-01A-01R	TARGET	Neuroblastoma
TARGET-30-PASCTR-01A-01R	TARGET	Neuroblastoma
TARGET-30-PASEGA-01A-01R	TARGET	Neuroblastoma
TARGET-30-PASFGG-01A-01R	TARGET	Neuroblastoma
TARGET-30-PASFIC-01A-01R	TARGET	Neuroblastoma
TARGET-30-PASGAP-01A-01R	TARGET	Neuroblastoma
TARGET-30-PASGUT-01A-01R	TARGET	Neuroblastoma
TARGET-30-PASHFA-01A-01R	TARGET	Neuroblastoma
TARGET-30-PASJZC-01A-01R	TARGET	Neuroblastoma
TARGET-30-PASMDM-01A-01R	TARGET	Neuroblastoma
TARGET-30-PASMJG-01A-01R	TARGET	Neuroblastoma
TARGET-30-PASMNT-01A-01R	TARGET	Neuroblastoma
TARGET-30-PASNEF-01A-01R	TARGET	Neuroblastoma
TARGET-30-PASNML-01A-01R	TARGET	Neuroblastoma
TARGET-30-PASNPG-01A-01R	TARGET	Neuroblastoma
TARGET-30-PASNZU-01A-01R	TARGET	Neuroblastoma
TARGET-30-PASPBZ-01A-01R	TARGET	Neuroblastoma
TARGET-30-PASPER-01A-01R	TARGET	Neuroblastoma
TARGET-30-PASRFS-01A-01R	TARGET	Neuroblastoma
TARGET-30-PASSRN-01A-01R	TARGET	Neuroblastoma
TARGET-30-PASSRS-01A-01R	TARGET	Neuroblastoma
TARGET-30-PASSWW-01A-01R	TARGET	Neuroblastoma
TARGET-30-PASTCN-01A-01R	TARGET	Neuroblastoma
TARGET-30-PASTKC-01A-01R	TARGET	Neuroblastoma
TARGET-30-PASUCB-01A-01R	TARGET	Neuroblastoma
TARGET-30-PASUML-01A-01R	TARGET	Neuroblastoma
TARGET-30-PASUYG-01A-01R	TARGET	Neuroblastoma
TARGET-30-PASVRU-01A-01R	TARGET	Neuroblastoma
TARGET-30-PASWFB-01A-01R	TARGET	Neuroblastoma
TARGET-30-PASWIJ-01A-01R	TARGET	Neuroblastoma
TARGET-30-PASWVY-01A-01R	TARGET	Neuroblastoma
TARGET-30-PASWYR-01A-01R	TARGET	Neuroblastoma
TARGET-30-PASXGP-01A-01R	TARGET	Neuroblastoma
TARGET-30-PASXHE-01A-01R	TARGET	Neuroblastoma
TARGET-30-PASXIE-01A-01R	TARGET	Neuroblastoma
TARGET-30-PASXRG-01A-01R	TARGET	Neuroblastoma
TARGET-30-PASXRJ-01A-01R	TARGET	Neuroblastoma
TARGET-30-PASYPX-01A-01R	TARGET	Neuroblastoma
TARGET-30-PASZKE-01A-01R	TARGET	Neuroblastoma
TARGET-30-PASZPI-01A-01R	TARGET	Neuroblastoma
TARGET-30-PATAYJ-01A-01R	TARGET	Neuroblastoma
TARGET-30-PATBMM-01A-01R	TARGET	Neuroblastoma
TARGET-30-PATCFL-01A-01R	TARGET	Neuroblastoma
TARGET-30-PATDWN-01A-01R	TARGET	Neuroblastoma
TARGET-30-PATDXC-01A-01R	TARGET	Neuroblastoma
TARGET-30-PATDXG-01A-01R	TARGET	Neuroblastoma
TARGET-30-PATEKG-01A-01R	TARGET	Neuroblastoma
TARGET-30-PATEPF-01A-01R	TARGET	Neuroblastoma
TARGET-30-PATESI-01A-01R	TARGET	Neuroblastoma
TARGET-30-PATFCY-01A-01R	TARGET	Neuroblastoma
TARGET-30-PATFXV-01A-01R	TARGET	Neuroblastoma
TARGET-30-PATGJU-01A-01R	TARGET	Neuroblastoma
TARGET-30-PATGLU-01A-01R	TARGET	Neuroblastoma
TARGET-30-PATHKB-01A-01R	TARGET	Neuroblastoma
TARGET-30-PATHVK-01A-01R	TARGET	Neuroblastoma
TARGET-30-PATINJ-01A-01R	TARGET	Neuroblastoma
TARGET-30-PATYIL-01A-01R	TARGET	Neuroblastoma
TARGET-30-PAUDDK-01A-01R	TARGET	Neuroblastoma
TARGET-40-0A4HLD-01A-01R	TARGET	Osteosarcoma
TARGET-40-0A4HMC-01A-01R	TARGET	Osteosarcoma
TARGET-40-0A4HX8-01A-01R	TARGET	Osteosarcoma
TARGET-40-0A4HXS-01A-01R	TARGET	Osteosarcoma
TARGET-40-0A4HY5-01A-01R	TARGET	Osteosarcoma
TARGET-40-0A4I0Q-01A-01R	TARGET	Osteosarcoma
TARGET-40-0A4I3S-01A-01R	TARGET	Osteosarcoma
TARGET-40-0A4I42-01A-01R	TARGET	Osteosarcoma
TARGET-40-0A4I48-01A-01R	TARGET	Osteosarcoma
TARGET-40-0A4I4M-01A-01R	TARGET	Osteosarcoma
TARGET-40-0A4I4O-01A-01R	TARGET	Osteosarcoma
TARGET-40-0A4I5B-01A-01R	TARGET	Osteosarcoma
TARGET-40-0A4I65-01A-01R	TARGET	Osteosarcoma
TARGET-40-0A4I8U-01A-01R	TARGET	Osteosarcoma
TARGET-40-0A4I9K-01A-01R	TARGET	Osteosarcoma
TARGET-40-PAKFVX-01A-01R	TARGET	Osteosarcoma
TARGET-40-PAKZZK-01A-01R	TARGET	Osteosarcoma
TARGET-40-PALECC-01A-01R	TARGET	Osteosarcoma
TARGET-40-PALKDP-01A-01R	TARGET	Osteosarcoma
TARGET-40-PALWWX-01A-01R	TARGET	Osteosarcoma
TARGET-40-PALZGU-01A-01R	TARGET	Osteosarcoma
TARGET-40-PAMEKS-01A-01R	TARGET	Osteosarcoma
TARGET-40-PAMHLF-01A-01R	TARGET	Osteosarcoma
TARGET-40-PAMHYN-01A-01R	TARGET	Osteosarcoma
TARGET-40-PAMJXS-01A-01R	TARGET	Osteosarcoma
TARGET-40-PAMTCM-01A-01R	TARGET	Osteosarcoma
TARGET-40-PAMYYJ-01A-01R	TARGET	Osteosarcoma
TARGET-40-PANGPE-01A-01R	TARGET	Osteosarcoma
TARGET-40-PANGRW-01A-01R	TARGET	Osteosarcoma
TARGET-40-PANMIG-01A-01R	TARGET	Osteosarcoma
TARGET-40-PANPUM-01A-01R	TARGET	Osteosarcoma
TARGET-40-PANSEN-01A-01R	TARGET	Osteosarcoma
TARGET-40-PANVJJ-01A-01R	TARGET	Osteosarcoma
TARGET-40-PANXSC-01A-01R	TARGET	Osteosarcoma
TARGET-40-PANZHX-01A-01R	TARGET	Osteosarcoma
TARGET-40-PANZZJ-01A-01R	TARGET	Osteosarcoma
TARGET-40-PAPFLB-01A-01R	TARGET	Osteosarcoma
TARGET-40-PAPIJR-01A-01R	TARGET	Osteosarcoma
TARGET-40-PAPKWD-01A-01R	TARGET	Osteosarcoma
TARGET-40-PAPNVD-01A-01R	TARGET	Osteosarcoma
TARGET-40-PAPWWC-01A-01R	TARGET	Osteosarcoma
TARGET-40-PAPXGT-01A-01R	TARGET	Osteosarcoma
TARGET-40-PARBGW-01A-01R	TARGET	Osteosarcoma
TARGET-40-PARDAX-01A-01R	TARGET	Osteosarcoma
TARGET-40-PARFTG-01A-01R	TARGET	Osteosarcoma
TARGET-40-PARGTM-01A-01R	TARGET	Osteosarcoma
TARGET-40-PARJXU-01A-01R	TARGET	Osteosarcoma
TARGET-40-PARKAF-01A-01R	TARGET	Osteosarcoma
TARGET-40-PASEBY-01A-01R	TARGET	Osteosarcoma
TARGET-40-PASEFS-01A-01R	TARGET	Osteosarcoma
TARGET-40-PASFCV-01A-01R	TARGET	Osteosarcoma
TARGET-40-PASNZV-01A-01R	TARGET	Osteosarcoma
TARGET-40-PASRNE-01A-01R	TARGET	Osteosarcoma
TARGET-40-PASSLM-01A-01R	TARGET	Osteosarcoma
TARGET-40-PASUUH-01A-01R	TARGET	Osteosarcoma
TARGET-40-PATAWV-01A-01R	TARGET	Osteosarcoma
TARGET-40-PATEEM-01A-01R	TARGET	Osteosarcoma
TARGET-40-PATJVI-01A-01R	TARGET	Osteosarcoma
TARGET-40-PATKSS-01A-01R	TARGET	Osteosarcoma
TARGET-40-PATMIF-01A-01R	TARGET	Osteosarcoma
TARGET-40-PATMPU-01A-01R	TARGET	Osteosarcoma
TARGET-40-PATMXR-01A-01R	TARGET	Osteosarcoma
TARGET-40-PATPBS-01A-01R	TARGET	Osteosarcoma
TARGET-40-PAUBIT-01A-01R	TARGET	Osteosarcoma
TARGET-40-PAUTWB-01A-01R	TARGET	Osteosarcoma
TARGET-40-PAUTYB-01A-01R	TARGET	Osteosarcoma
TARGET-40-PAUUML-01A-01R	TARGET	Osteosarcoma
TARGET-40-PAUVUL-01A-01R	TARGET	Osteosarcoma
TARGET-40-PAUXPZ-01A-01R	TARGET	Osteosarcoma
TARGET-40-PAUYTT-01A-01R	TARGET	Osteosarcoma
TARGET-40-PAVALD-01A-01R	TARGET	Osteosarcoma
TARGET-40-PAVCLP-01A-01R	TARGET	Osteosarcoma
TARGET-50-CAAAAB-01A-01R	TARGET	Wilms tumor
TARGET-50-CAAAAC-01A-01R	TARGET	Wilms tumor
TARGET-50-CAAAAH-01A-01R	TARGET	Wilms tumor
TARGET-50-CAAAAJ-01A-01R	TARGET	Wilms tumor
TARGET-50-CAAAAL-01A-01R	TARGET	Wilms tumor
TARGET-50-CAAAAM-01A-01R	TARGET	Wilms tumor
TARGET-50-CAAAAO-01A-01R	TARGET	Wilms tumor
TARGET-50-CAAAAP-01A-01R	TARGET	Wilms tumor
TARGET-50-CAAAAQ-01A-01R	TARGET	Wilms tumor
TARGET-50-CAAAAR-01A-01R	TARGET	Wilms tumor
TARGET-50-CAAAAS-01A-01R	TARGET	Wilms tumor
TARGET-50-PADXAY-01A-01R	TARGET	Wilms tumor
TARGET-50-PADZUB-01A-01R	TARGET	Wilms tumor
TARGET-50-PAEAFB-01A-01R	TARGET	Wilms tumor
TARGET-50-PAEBXA-01A-01R	TARGET	Wilms tumor
TARGET-50-PAECJB-01A-01R	TARGET	Wilms tumor
TARGET-50-PAJLIP-01A-01R	TARGET	Wilms tumor
TARGET-50-PAJLKC-01A-01R	TARGET	Wilms tumor
TARGET-50-PAJLKR-01A-01R	TARGET	Wilms tumor
TARGET-50-PAJLLF-01A-01R	TARGET	Wilms tumor
TARGET-50-PAJLNJ-01A-01R	TARGET	Wilms tumor
TARGET-50-PAJLPX-01A-01R	TARGET	Wilms tumor
TARGET-50-PAJLSP-01A-01R	TARGET	Wilms tumor
TARGET-50-PAJLTH-01A-01R	TARGET	Wilms tumor
TARGET-50-PAJLTI-01A-01R	TARGET	Wilms tumor
TARGET-50-PAJLWT-01A-01R	TARGET	Wilms tumor
TARGET-50-PAJMEL-01A-01R	TARGET	Wilms tumor
TARGET-50-PAJMEN-01A-01R	TARGET	Wilms tumor
TARGET-50-PAJMEP-01A-01R	TARGET	Wilms tumor
TARGET-50-PAJMFU-01A-01R	TARGET	Wilms tumor
TARGET-50-PAJMFY-01A-01R	TARGET	Wilms tumor
TARGET-50-PAJMIZ-01A-01R	TARGET	Wilms tumor
TARGET-50-PAJMJT-01A-01R	TARGET	Wilms tumor
TARGET-50-PAJMKI-01A-01R	TARGET	Wilms tumor
TARGET-50-PAJMKJ-01A-01R	TARGET	Wilms tumor
TARGET-50-PAJMKN-01A-01R	TARGET	Wilms tumor
TARGET-50-PAJMLI-01A-01R	TARGET	Wilms tumor
TARGET-50-PAJMLZ-01A-01R	TARGET	Wilms tumor
TARGET-50-PAJMMY-01A-01R	TARGET	Wilms tumor
TARGET-50-PAJMRL-01A-01R	TARGET	Wilms tumor
TARGET-50-PAJMSE-01A-01R	TARGET	Wilms tumor
TARGET-50-PAJMUF-01A-01R	TARGET	Wilms tumor
TARGET-50-PAJMVC-01A-01R	TARGET	Wilms tumor
TARGET-50-PAJMVU-01A-01R	TARGET	Wilms tumor
TARGET-50-PAJMXF-01A-01R	TARGET	Wilms tumor
TARGET-50-PAJNAA-01A-01R	TARGET	Wilms tumor
TARGET-50-PAJNAV-01A-01R	TARGET	Wilms tumor
TARGET-50-PAJNBN-01A-01R	TARGET	Wilms tumor
TARGET-50-PAJNCC-01A-01R	TARGET	Wilms tumor
TARGET-50-PAJNCJ-01A-01R	TARGET	Wilms tumor
TARGET-50-PAJNCZ-01A-01R	TARGET	Wilms tumor
TARGET-50-PAJNDU-01A-01R	TARGET	Wilms tumor
TARGET-50-PAJNEC-01A-01R	TARGET	Wilms tumor
TARGET-50-PAJNGH-01A-01R	TARGET	Wilms tumor
TARGET-50-PAJNJJ-01A-01R	TARGET	Wilms tumor
TARGET-50-PAJNLT-01A-01R	TARGET	Wilms tumor
TARGET-50-PAJNNC-01A-01R	TARGET	Wilms tumor
TARGET-50-PAJNNR-01A-01R	TARGET	Wilms tumor
TARGET-50-PAJNRH-01A-01R	TARGET	Wilms tumor
TARGET-50-PAJNRL-01A-01R	TARGET	Wilms tumor
TARGET-50-PAJNSL-01A-01R	TARGET	Wilms tumor
TARGET-50-PAJNTJ-01A-01R	TARGET	Wilms tumor
TARGET-50-PAJNUP-01A-01R	TARGET	Wilms tumor
TARGET-50-PAJNUS-01A-01R	TARGET	Wilms tumor
TARGET-50-PAJNVE-01A-01R	TARGET	Wilms tumor
TARGET-50-PAJNVX-01A-01R	TARGET	Wilms tumor
TARGET-50-PAJNYT-01A-02R	TARGET	Wilms tumor
TARGET-50-PAJNZI-01A-01R	TARGET	Wilms tumor
TARGET-50-PAJNZK-01A-01R	TARGET	Wilms tumor
TARGET-50-PAJNZS-01A-01R	TARGET	Wilms tumor
TARGET-50-PAJNZU-01A-01R	TARGET	Wilms tumor
TARGET-50-PAJPAR-01A-01R	TARGET	Wilms tumor
TARGET-50-PAJPAU-01A-01R	TARGET	Wilms tumor
TARGET-50-PAJPCM-01A-01R	TARGET	Wilms tumor
TARGET-50-PAJPDC-01A-01R	TARGET	Wilms tumor
TARGET-50-PAJPDN-01A-01R	TARGET	Wilms tumor
TARGET-50-PAJPEW-01A-01R	TARGET	Wilms tumor
TARGET-50-PAJPGY-01A-01R	TARGET	Wilms tumor
TARGET-50-PAJPHA-01A-01R	TARGET	Wilms tumor
TARGET-50-PAKECR-01A-01R	TARGET	Wilms tumor
TARGET-50-PAKFME-01A-01R	TARGET	Wilms tumor
TARGET-50-PAKFYV-01A-01R	TARGET	Wilms tumor
TARGET-50-PAKGED-01A-01R	TARGET	Wilms tumor
TARGET-50-PAKGMU-01A-01R	TARGET	Wilms tumor
TARGET-50-PAKGZX-01A-01R	TARGET	Wilms tumor
TARGET-50-PAKJGM-01A-01R	TARGET	Wilms tumor
TARGET-50-PAKKNS-01A-01R	TARGET	Wilms tumor
TARGET-50-PAKKSE-01A-01R	TARGET	Wilms tumor
TARGET-50-PAKMSV-01A-01R	TARGET	Wilms tumor
TARGET-50-PAKMUB-01A-02R	TARGET	Wilms tumor
TARGET-50-PAKNAL-01A-01R	TARGET	Wilms tumor
TARGET-50-PAKNRX-01A-01R	TARGET	Wilms tumor
TARGET-50-PAKNTW-01A-02R	TARGET	Wilms tumor
TARGET-50-PAKNXS-01A-01R	TARGET	Wilms tumor
TARGET-50-PAKPDF-01A-01R	TARGET	Wilms tumor
TARGET-50-PAKRCC-01A-02R	TARGET	Wilms tumor
TARGET-50-PAKRVH-01A-01R	TARGET	Wilms tumor
TARGET-50-PAKRZW-01A-01R	TARGET	Wilms tumor
TARGET-50-PAKSCC-01A-01R	TARGET	Wilms tumor
TARGET-50-PAKSDG-01A-01R	TARGET	Wilms tumor
TARGET-50-PAKUIT-01A-01R	TARGET	Wilms tumor
TARGET-50-PAKULH-01A-02R	TARGET	Wilms tumor
TARGET-50-PAKVET-01A-01R	TARGET	Wilms tumor
TARGET-50-PAKWPM-01A-01R	TARGET	Wilms tumor
TARGET-50-PAKXWB-01A-01R	TARGET	Wilms tumor
TARGET-50-PAKXXF-01A-01R	TARGET	Wilms tumor
TARGET-50-PAKYFC-01A-01R	TARGET	Wilms tumor
TARGET-50-PAKYLT-01A-01R	TARGET	Wilms tumor
TARGET-50-PAKZER-01A-01R	TARGET	Wilms tumor
TARGET-50-PAKZFK-01A-01R	TARGET	Wilms tumor
TARGET-50-PAKZHF-01A-01R	TARGET	Wilms tumor
TARGET-50-PALDTE-01A-01R	TARGET	Wilms tumor
TARGET-50-PALDWP-01A-01R	TARGET	Wilms tumor
TARGET-50-PALERC-01A-01R	TARGET	Wilms tumor
TARGET-50-PALEZT-01A-01R	TARGET	Wilms tumor
TARGET-50-PALFME-01A-01R	TARGET	Wilms tumor
TARGET-50-PALFRD-01A-01R	TARGET	Wilms tumor
TARGET-50-PALGAZ-01A-01R	TARGET	Wilms tumor
TARGET-50-PALGLU-01A-01R	TARGET	Wilms tumor
TARGET-50-PALGVY-01A-01R	TARGET	Wilms tumor
TARGET-50-PALJIP-01A-01R	TARGET	Wilms tumor
TARGET-50-PALKCW-01A-01R	TARGET	Wilms tumor
TARGET-50-PALKRS-01A-01R	TARGET	Wilms tumor
TARGET-50-PALLFB-01A-01R	TARGET	Wilms tumor
TARGET-51-PAEALX-01A-01R	TARGET	Clear cell sarcoma of the kidney
TARGET-51-PAJLIV-01A-01R	TARGET	Clear cell sarcoma of the kidney
TARGET-51-PAJLWU-01A-01R	TARGET	Clear cell sarcoma of the kidney
TARGET-51-PAJMFS-01A-01R	TARGET	Clear cell sarcoma of the kidney
TARGET-51-PAJMNM-01A-01R	TARGET	Clear cell sarcoma of the kidney
TARGET-51-PAJNCV-01A-01R	TARGET	Clear cell sarcoma of the kidney
TARGET-51-PAJPFB-01A-01R	TARGET	Clear cell sarcoma of the kidney
TARGET-51-PAKWMM-01A-01R	TARGET	Clear cell sarcoma of the kidney
TARGET-51-PALEIR-01A-01R	TARGET	Clear cell sarcoma of the kidney
TARGET-51-PALFEF-01A-01R	TARGET	Clear cell sarcoma of the kidney
TARGET-51-PALFYG-01A-01R	TARGET	Clear cell sarcoma of the kidney
TARGET-51-PALKEI-01A-01R	TARGET	Clear cell sarcoma of the kidney
TARGET-51-PALLXV-01A-01R	TARGET	Clear cell sarcoma of the kidney
TARGET-52-PADWRZ-01A-01R	TARGET	Rhabdoid tumor of the kidney
TARGET-52-PADYCE-01A-01R	TARGET	Rhabdoid tumor of the kidney
TARGET-52-PADYZI-01A-01R	TARGET	Rhabdoid tumor of the kidney
TARGET-52-PAEHIP-01A-01R	TARGET	Rhabdoid tumor of the kidney
TARGET-52-PAJLRA-01A-01R	TARGET	Rhabdoid tumor of the kidney
TARGET-52-PAJLWM-01A-01R	TARGET	Rhabdoid tumor of the kidney
TARGET-52-PAJMBW-01A-01R	TARGET	Rhabdoid tumor of the kidney
TARGET-52-PAJMRB-01A-01R	TARGET	Rhabdoid tumor of the kidney
TARGET-52-PAJNER-01A-01R	TARGET	Rhabdoid tumor of the kidney
TARGET-52-PAJNFP-01A-01R	TARGET	Rhabdoid tumor of the kidney
TARGET-52-PAJNFZ-01A-01R	TARGET	Rhabdoid tumor of the kidney
TARGET-52-PAJPHJ-01A-01R	TARGET	Rhabdoid tumor of the kidney
TARGET-52-PAKHTL-01A-01R	TARGET	Rhabdoid tumor of the kidney
TARGET-52-PAKLYZ-01A-01R	TARGET	Rhabdoid tumor of the kidney
TARGET-52-PAKPEW-01A-01R	TARGET	Rhabdoid tumor of the kidney
TARGET-52-PAKTCT-01A-01R	TARGET	Rhabdoid tumor of the kidney
TARGET-52-PARECB-01A-01R	TARGET	Rhabdoid tumor of the kidney
TARGET-52-PAREWI-01A-02R	TARGET	Rhabdoid tumor of the kidney
TARGET-52-PARGRN-01A-01R	TARGET	Rhabdoid tumor of the kidney
TARGET-52-PARIRN-01A-01R	TARGET	Rhabdoid tumor of the kidney
TARGET-52-PARKKN-01A-01R	TARGET	Rhabdoid tumor of the kidney
TARGET-52-PARPFY-01A-01R	TARGET	Rhabdoid tumor of the kidney
TARGET-52-PARRCL-01A-01R	TARGET	Rhabdoid tumor of the kidney
TARGET-52-PARTKH-01A-01R	TARGET	Rhabdoid tumor of the kidney
TARGET-52-PARUGK-01A-01R	TARGET	Rhabdoid tumor of the kidney
TARGET-52-PARZBI-01A-02R	TARGET	Rhabdoid tumor of the kidney
TARGET-52-PARZRH-01A-02R	TARGET	Rhabdoid tumor of the kidney
TARGET-52-PASABD-01A-01R	TARGET	Rhabdoid tumor of the kidney
TARGET-52-PASADZ-01A-01R	TARGET	Rhabdoid tumor of the kidney
TARGET-52-PASAMZ-01A-01R	TARGET	Rhabdoid tumor of the kidney
TARGET-52-PASCDH-01A-01R	TARGET	Rhabdoid tumor of the kidney
TARGET-52-PASDLA-01A-01R	TARGET	Rhabdoid tumor of the kidney
TARGET-52-PASGCL-01A-02R	TARGET	Rhabdoid tumor of the kidney
TARGET-52-PASGGN-01A-01R	TARGET	Rhabdoid tumor of the kidney
TARGET-52-PASILR-01A-01R	TARGET	Rhabdoid tumor of the kidney
TARGET-52-PASNED-01A-01R	TARGET	Rhabdoid tumor of the kidney
TARGET-52-PASRHU-01A-02R	TARGET	Rhabdoid tumor of the kidney
TARGET-52-PASVDP-01A-01R	TARGET	Rhabdoid tumor of the kidney
TARGET-52-PASWZZ-01A-01R	TARGET	Rhabdoid tumor of the kidney
TARGET-52-PASXGF-01A-01R	TARGET	Rhabdoid tumor of the kidney
TARGET-52-PASXNA-01A-01R	TARGET	Rhabdoid tumor of the kidney
TARGET-52-PASYNF-01A-01R	TARGET	Rhabdoid tumor of the kidney
TARGET-52-PASZYE-01A-01R	TARGET	Rhabdoid tumor of the kidney
TARGET-52-PATAFT-01A-01R	TARGET	Rhabdoid tumor of the kidney
TARGET-52-PATBLF-01A-01R	TARGET	Rhabdoid tumor of the kidney
TARGET-52-PATDVL-01A-01R	TARGET	Rhabdoid tumor of the kidney
TARGET-52-PATENH-01A-01R	TARGET	Rhabdoid tumor of the kidney
TARGET-52-PATFXW-01A-01R	TARGET	Rhabdoid tumor of the kidney
TARGET-52-PATFZZ-01A-01R	TARGET	Rhabdoid tumor of the kidney
TARGET-52-PATXEE-01A-01R	TARGET	Rhabdoid tumor of the kidney
TARGET-52-PATXKA-01A-01R	TARGET	Rhabdoid tumor of the kidney
TARGET-52-PAUCGJ-01A-01R	TARGET	Rhabdoid tumor of the kidney
TARGET-52-PAUDPV-01A-01R	TARGET	Rhabdoid tumor of the kidney
TARGET-52-PAUEKW-01A-01R	TARGET	Rhabdoid tumor of the kidney
TARGET-52-PAUFVP-01A-01R	TARGET	Rhabdoid tumor of the kidney
TARGET-52-PAUGYZ-01A-01R	TARGET	Rhabdoid tumor of the kidney
TARGET-52-PAUHAZ-01A-01R	TARGET	Rhabdoid tumor of the kidney
TARGET-52-PAUNPA-01A-01R	TARGET	Rhabdoid tumor of the kidney
TARGET-52-PAVCKS-01A-01R	TARGET	Rhabdoid tumor of the kidney
TARGET-52-PAVDPR-01A-01R	TARGET	Rhabdoid tumor of the kidney
TARGET-52-PAVITI-01A-01R	TARGET	Rhabdoid tumor of the kidney
TARGET-52-PAVVIT-01A-01R	TARGET	Rhabdoid tumor of the kidney
TARGET-52-PAWFBL-01A-01R	TARGET	Rhabdoid tumor of the kidney
TARGET-52-PAWFWK-01A-01R	TARGET	Rhabdoid tumor of the kidney
