sample_id	plot_group
BS_014EVM2D	Low-grade glioma
BS_03FT4S8B	Craniopharyngioma
BS_0448A413	Mesenchymal tumor
BS_052PZFMK	Other high-grade glioma
BS_063ERW0R	Low-grade glioma
BS_06D4QTM6	Meningioma
BS_06XH7EVF	Non-neoplastic tumor
BS_07ANYSYQ	Ependymoma
BS_08B376A6	Medulloblastoma
BS_08TWG4K0	Other high-grade glioma
BS_0BTXD5M6	Medulloblastoma
BS_0BXY0F9N	Ependymoma
BS_0C00AYTE	Other high-grade glioma
BS_0C7VZC0A	Other high-grade glioma
BS_0D5VRAKC	Low-grade glioma
BS_0EB67GB4	Medulloblastoma
BS_0GDJQANN	Choroid plexus tumor
BS_0HKNEFQC	Medulloblastoma
BS_0HW7W7SD	Other CNS embryonal tumor
BS_0J9SHHSC	Low-grade glioma
BS_0JAKSXQP	Low-grade glioma
BS_0K69QMK6	Neurofibroma plexiform
BS_0QYS36NR	Ependymoma
BS_0R12SD1M	Other high-grade glioma
BS_0RF0EZTV	Neurofibroma plexiform
BS_0SCXXM6N	Low-grade glioma
BS_0SPCTBZY	Other tumor
BS_0T17SY47	Low-grade glioma
BS_0TDWG2CV	Mixed neuronal-glial tumor
BS_0VRSD9V3	Choroid plexus tumor
BS_0VXZCRJS	Diffuse midline glioma
BS_0WVJYM9R	Low-grade glioma
BS_0X9EGHY2	Low-grade glioma
BS_0XEBS3PG	Non-neoplastic tumor
BS_0XEG6SNV	Ependymoma
BS_0XHT9W4Q	Other high-grade glioma
BS_0Y1BP5A4	Oligodendroglioma
BS_0Y5J2AQ4	Low-grade glioma
BS_0Y66ZBWE	Low-grade glioma
BS_0ZA67BBC	Diffuse midline glioma
BS_10Z9BMZ7	Medulloblastoma
BS_123NZXAQ	Choroid plexus tumor
BS_15ETQ0E4	Atypical Teratoid Rhabdoid Tumor
BS_1607397Q	Other tumor
BS_166N7SZQ	Low-grade glioma
BS_17WYVEEC	Low-grade glioma
BS_18M3RHYN	Ependymoma
BS_196BBNEJ	Ependymoma
BS_19Z0ERYF	Medulloblastoma
BS_1AYRM596	Medulloblastoma
BS_1BJNPHMD	Other high-grade glioma
BS_1BWP5MCT	Medulloblastoma
BS_1D93Z575	Diffuse midline glioma
BS_1DECYC4K	Low-grade glioma
BS_1DMAMKFZ	Medulloblastoma
BS_1G3WYEN3	Low-grade glioma
BS_1HFK0SXV	Craniopharyngioma
BS_1HQ76V6D	Other CNS embryonal tumor
BS_1HYS8CSC	Low-grade glioma
BS_1J2WQ08M	Ependymoma
BS_1JDG6JV5	Low-grade glioma
BS_1N76FQZY	Low-grade glioma
BS_1N9XZXGE	Mesenchymal tumor
BS_1NPD7PVG	Mixed neuronal-glial tumor
BS_1QNTEZPS	Atypical Teratoid Rhabdoid Tumor
BS_1SVVER1H	Schwannoma
BS_1T19NFJ8	Non-neoplastic tumor
BS_1TWCV047	Medulloblastoma
BS_1VNMJHMN	Low-grade glioma
BS_1XFFNFY0	Ependymoma
BS_1XJ73KBQ	Mesenchymal tumor
BS_1Z2CNQEC	Medulloblastoma
BS_1Z3KSZQZ	Atypical Teratoid Rhabdoid Tumor
BS_1ZVXF5FE	Low-grade glioma
BS_1ZWSD3YQ	Medulloblastoma
BS_1ZZW5HMJ	Other high-grade glioma
BS_21RE8W46	Low-grade glioma
BS_21XGYWWV	Low-grade glioma
BS_22078RXH	Craniopharyngioma
BS_22QMSCFR	Medulloblastoma
BS_238MGRTM	Ependymoma
BS_23M72ABG	Meningioma
BS_23W9EPFE	Mixed neuronal-glial tumor
BS_24AHZ9ZW	Low-grade glioma
BS_24AK5EEP	Other high-grade glioma
BS_258RRGDM	Mixed neuronal-glial tumor
BS_25KYGJ71	Diffuse midline glioma
BS_264RCK7G	Mixed neuronal-glial tumor
BS_269X6Y6G	Other CNS embryonal tumor
BS_26H7DZD4	Medulloblastoma
BS_273HKCT4	Mixed neuronal-glial tumor
BS_27FYYPJG	Mixed neuronal-glial tumor
BS_27Q04NAT	Non-neoplastic tumor
BS_27QE6BV7	Mixed neuronal-glial tumor
BS_29006KEX	Germ cell tumor
BS_297H8BT4	Diffuse midline glioma
BS_29CPJ040	Low-grade glioma
BS_29TRQXWM	Low-grade glioma
BS_29X4ZX6Q	Other high-grade glioma
BS_2A5R9D97	Other high-grade glioma
BS_2A5R9MEJ	Diffuse midline glioma
BS_2AR3AP0N	Mixed neuronal-glial tumor
BS_2EMW8ZG3	Low-grade glioma
BS_2EN3X6HB	Other high-grade glioma
BS_2F5CPC8C	Mesenchymal tumor
BS_2G4EH95X	Medulloblastoma
BS_2HN96129	Schwannoma
BS_2HNXVFAS	Diffuse midline glioma
BS_2JP7RBMB	Diffuse midline glioma
BS_2KJ2YAZR	Low-grade glioma
BS_2M4174KG	Medulloblastoma
BS_2QGRF15R	Oligodendroglioma
BS_2R9HK6YY	Low-grade glioma
BS_2R9TCR03	Low-grade glioma
BS_2SFTWNVE	Medulloblastoma
BS_2T5PJAW8	Other high-grade glioma
BS_2WPQ8YCW	Low-grade glioma
BS_2XD3MNKD	Non-neoplastic tumor
BS_2XM08BFY	Low-grade glioma
BS_2YCJV2VV	Low-grade glioma
BS_2Z1MKS84	Medulloblastoma
BS_2ZKB9B81	Other high-grade glioma
BS_304SPN6B	Low-grade glioma
BS_30VC3R2Q	Diffuse midline glioma
BS_312K12XX	Germ cell tumor
BS_31TF0P1N	Atypical Teratoid Rhabdoid Tumor
BS_32FYKNRN	Meningioma
BS_33AQSPRP	Low-grade glioma
BS_34201DKZ	Ependymoma
BS_36T79XQZ	Mesenchymal tumor
BS_37GTVG4N	Other CNS embryonal tumor
BS_397XFJY9	Medulloblastoma
BS_398KYV92	Meningioma
BS_399RPKC9	Diffuse midline glioma
BS_3AC3SRWH	Other high-grade glioma
BS_3DCBDJAT	Meningioma
BS_3EVSN5QD	Low-grade glioma
BS_3F5PR9GS	Medulloblastoma
BS_3G3KWY18	Low-grade glioma
BS_3GAN6Q43	Low-grade glioma
BS_3HGBZBGA	Craniopharyngioma
BS_3KASVCSQ	Germ cell tumor
BS_3MS8WVNR	Other high-grade glioma
BS_3MYEMXPQ	Medulloblastoma
BS_3NNQ6PSB	Other CNS embryonal tumor
BS_3NQB12XN	Ependymoma
BS_3NWQXPQV	Medulloblastoma
BS_3P20Q2C3	Low-grade glioma
BS_3PYESPHA	Mixed neuronal-glial tumor
BS_3Q0GTSYH	Low-grade glioma
BS_3RAM3K7B	Medulloblastoma
BS_3SZZ50WB	Medulloblastoma
BS_3T6X4BPC	Mixed neuronal-glial tumor
BS_3TJHY996	Mixed neuronal-glial tumor
BS_3TQSE8HF	Low-grade glioma
BS_3VJ0CA6A	Low-grade glioma
BS_3W07B2TG	Low-grade glioma
BS_3X9WMZGJ	Ependymoma
BS_3XY76V8T	Mixed neuronal-glial tumor
BS_3Y0QXZQB	Neurofibroma plexiform
BS_3Y2X2RBJ	Low-grade glioma
BS_3ZBQX151	Germ cell tumor
BS_3ZGXMCJS	Other tumor
BS_401R3KV0	Low-grade glioma
BS_418N847Z	Ependymoma
BS_41YS708B	Craniopharyngioma
BS_421D5Q6J	Non-neoplastic tumor
BS_42DY6WS7	Low-grade glioma
BS_42Y3YANN	Low-grade glioma
BS_44A3ES23	Medulloblastoma
BS_45J79YTF	Other high-grade glioma
BS_46BZ2NNN	Germ cell tumor
BS_46MF83WA	Medulloblastoma
BS_470DYRJQ	Low-grade glioma
BS_478TN841	Mixed neuronal-glial tumor
BS_479S95Q6	Schwannoma
BS_49852ZBH	Low-grade glioma
BS_49CJNZ06	Diffuse midline glioma
BS_49F4RAA4	Other tumor
BS_49VCQD19	Neurofibroma plexiform
BS_4A45GGSW	Low-grade glioma
BS_4B0BAVTX	Diffuse midline glioma
BS_4BM3F6XJ	Other high-grade glioma
BS_4BWB0FA0	Low-grade glioma
BS_4C4MZ4NT	Low-grade glioma
BS_4C6B11E4	Diffuse midline glioma
BS_4CP4T22V	Medulloblastoma
BS_4CXE5XEP	Low-grade glioma
BS_4D9DD103	Medulloblastoma
BS_4E1G7E3G	Atypical Teratoid Rhabdoid Tumor
BS_4EN8D8Y4	Low-grade glioma
BS_4FZS7TX4	Ependymoma
BS_4HQ3T2NC	Low-grade glioma
BS_4JWBB28H	Mesenchymal tumor
BS_4NF35AF6	Low-grade glioma
BS_4NWHYH53	Ependymoma
BS_4PBXY1E3	Medulloblastoma
BS_4PH1MBGR	Medulloblastoma
BS_4PWDGEB0	Other high-grade glioma
BS_4Q3NRFBD	Oligodendroglioma
BS_4QW2S1Q8	Diffuse midline glioma
BS_4RAHHT12	Other tumor
BS_4SCWT0FX	Ependymoma
BS_4SKWCEDV	Germ cell tumor
BS_4SM4CG1E	Choroid plexus tumor
BS_4T0HPZDC	Ependymoma
BS_4TZQY7TT	Low-grade glioma
BS_4W1DBAN4	Non-neoplastic tumor
BS_4W68NV3M	Medulloblastoma
BS_4X5GB9K0	Non-neoplastic tumor
BS_4XH092HE	Low-grade glioma
BS_4XZH52X8	Germ cell tumor
BS_4Y2JAQTS	Mixed neuronal-glial tumor
BS_4Y6BCYK5	Low-grade glioma
BS_4Y93HVP4	Low-grade glioma
BS_4Z2F4P9N	Low-grade glioma
BS_50S6TFFE	Ependymoma
BS_51RA1PGE	Diffuse midline glioma
BS_52426AMF	Low-grade glioma
BS_52C576HH	Other high-grade glioma
BS_52DAPP1Y	Low-grade glioma
BS_52MPKTJH	Other high-grade glioma
BS_52TQWRJN	Mixed neuronal-glial tumor
BS_534XRSNB	Low-grade glioma
BS_53GQKVEX	Low-grade glioma
BS_53KFK3G0	Atypical Teratoid Rhabdoid Tumor
BS_54H90JW2	Low-grade glioma
BS_55JW3HFM	Mixed neuronal-glial tumor
BS_55P8HPYD	Low-grade glioma
BS_55X1W2MR	Mixed neuronal-glial tumor
BS_58N4Y4ZJ	Medulloblastoma
BS_593HEWBF	Mixed neuronal-glial tumor
BS_5965SFPZ	Diffuse midline glioma
BS_5AF6ZNJF	Meningioma
BS_5G5BD2MD	Other high-grade glioma
BS_5J5D3QTD	Low-grade glioma
BS_5JM573JC	Mixed neuronal-glial tumor
BS_5NWDARXG	Low-grade glioma
BS_5PEFNDCY	Mixed neuronal-glial tumor
BS_5PJCHF6V	Medulloblastoma
BS_5PV5N4HQ	Low-grade glioma
BS_5SWXR2QQ	Ependymoma
BS_5TKDAEGA	Mixed neuronal-glial tumor
BS_5VPM0F36	Diffuse midline glioma
BS_5VQP0E6K	Medulloblastoma
BS_5YJEPPTP	Low-grade glioma
BS_5YYCP891	Low-grade glioma
BS_60K3EQ9S	Non-neoplastic tumor
BS_613KQVAE	Ependymoma
BS_61E80SD6	Medulloblastoma
BS_63JT39PX	Low-grade glioma
BS_64HCD9K3	Choroid plexus tumor
BS_66ABA973	Low-grade glioma
BS_66HQ3E4Z	Low-grade glioma
BS_67PX06P3	Mesenchymal tumor
BS_680K119G	Mixed neuronal-glial tumor
BS_685DACMS	Other CNS embryonal tumor
BS_68BW2163	Low-grade glioma
BS_699TN5RN	Mixed neuronal-glial tumor
BS_6AB299R2	Medulloblastoma
BS_6AFD49QR	Ependymoma
BS_6AQ5RR83	Ependymoma
BS_6EW6X0J0	Medulloblastoma
BS_6G6C7VPX	Atypical Teratoid Rhabdoid Tumor
BS_6H1C1ME9	Ependymoma
BS_6HTK4YJP	Germ cell tumor
BS_6HXD39AM	Mixed neuronal-glial tumor
BS_6KBHF52X	Atypical Teratoid Rhabdoid Tumor
BS_6M2053M0	Diffuse midline glioma
BS_6MY8W3H0	Mixed neuronal-glial tumor
BS_6N3AFF66	Low-grade glioma
BS_6NBTFA33	Craniopharyngioma
BS_6NRTJSYK	Other CNS embryonal tumor
BS_6NTXGQAC	Mixed neuronal-glial tumor
BS_6PWHC64Y	Medulloblastoma
BS_6R7SFVV2	Other tumor
BS_6RX2743N	Medulloblastoma
BS_6TSAVMT9	Low-grade glioma
BS_6VRG1XFB	Other high-grade glioma
BS_6VW8FC7Z	Low-grade glioma
BS_6W0VHGQE	Medulloblastoma
BS_6W8E9283	Choroid plexus tumor
BS_6WP1FHTE	Diffuse midline glioma
BS_6XHRA95C	Medulloblastoma
BS_6XZJNNYY	Atypical Teratoid Rhabdoid Tumor
BS_6YMJ621P	Meningioma
BS_70FFPA51	Meningioma
BS_730EYWFA	Non-neoplastic tumor
BS_7327SDAQ	Other high-grade glioma
BS_73AZT1Q3	Other high-grade glioma
BS_742RHK1M	Germ cell tumor
BS_74G5K7JF	Ependymoma
BS_74GHJS7N	Oligodendroglioma
BS_76DRXZRJ	Low-grade glioma
BS_77317DY4	Medulloblastoma
BS_775HDFNY	Low-grade glioma
BS_77CDMEY4	Mixed neuronal-glial tumor
BS_78QX3XDF	Craniopharyngioma
BS_78SCX2N9	Medulloblastoma
BS_7ARDVFCP	Low-grade glioma
BS_7B9FZM3M	Mesenchymal tumor
BS_7BTZQKYY	Ependymoma
BS_7BW0YRPY	Other CNS embryonal tumor
BS_7C40TRCY	Medulloblastoma
BS_7FKE2YPB	Ependymoma
BS_7FWZ518S	Medulloblastoma
BS_7G42J2SK	Ependymoma
BS_7H4RFCW9	Low-grade glioma
BS_7JTW85T5	Mixed neuronal-glial tumor
BS_7M3FNSYK	Low-grade glioma
BS_7N0B2CY1	Mixed neuronal-glial tumor
BS_7P83Z28P	Low-grade glioma
BS_7PER3D69	Mesenchymal tumor
BS_7PVJ6Q3D	Diffuse midline glioma
BS_7T1J3KET	Craniopharyngioma
BS_7WM3MNZ0	Diffuse midline glioma
BS_7XKVHKMR	Meningioma
BS_7XQRH69M	Medulloblastoma
BS_7XRN3CFX	Low-grade glioma
BS_7Z93ZYMS	Low-grade glioma
BS_7ZFVVZ2G	Other tumor
BS_7ZV3DPGT	Other CNS embryonal tumor
BS_81SP2HX4	Medulloblastoma
BS_84XCR9GG	Other high-grade glioma
BS_850BAHH9	Atypical Teratoid Rhabdoid Tumor
BS_862NMAR7	Diffuse midline glioma
BS_880ESDFZ	Low-grade glioma
BS_891HPNKY	Other high-grade glioma
BS_8BF616QR	Low-grade glioma
BS_8C885SQR	Choroid plexus tumor
BS_8D0NYM46	Craniopharyngioma
BS_8E8JKP01	Other high-grade glioma
BS_8ERBDF7D	Other high-grade glioma
BS_8F9BDWY4	Mixed neuronal-glial tumor
BS_8J09S6MZ	Schwannoma
BS_8J3B6ZB6	Low-grade glioma
BS_8K9YVM5G	Medulloblastoma
BS_8MN11EC7	Other CNS embryonal tumor
BS_8PNA0V6R	Other high-grade glioma
BS_8Q4JWFKK	Low-grade glioma
BS_8Q77HZ4R	Choroid plexus tumor
BS_8Q7W9NSR	Ependymoma
BS_8QB4S4VA	Other CNS embryonal tumor
BS_8QJ43WKW	Low-grade glioma
BS_8RHPJ740	Ependymoma
BS_8S86CM61	Mesenchymal tumor
BS_8SQARNQW	Oligodendroglioma
BS_8T7DZV2F	Medulloblastoma
BS_8VAZSJEN	Low-grade glioma
BS_8VD670NP	Diffuse midline glioma
BS_8VYC685V	Mixed neuronal-glial tumor
BS_8WPNFT03	Other tumor
BS_8YWYN7VH	Diffuse midline glioma
BS_8Z3SCKB5	Low-grade glioma
BS_8ZP3CBQA	Ependymoma
BS_8ZTEXH90	Oligodendroglioma
BS_8ZY4GST0	Diffuse midline glioma
BS_90B22NGP	Atypical Teratoid Rhabdoid Tumor
BS_9294WMET	Medulloblastoma
BS_92HCM7BN	Low-grade glioma
BS_94MT16N2	Low-grade glioma
BS_956G6QPJ	Diffuse midline glioma
BS_9755PSCS	Low-grade glioma
BS_975AWWJE	Ependymoma
BS_97GBG8T6	Low-grade glioma
BS_9BJARSX3	Low-grade glioma
BS_9E7YVFJM	Other tumor
BS_9F09XV62	Low-grade glioma
BS_9FHEFJNP	Other high-grade glioma
BS_9FHSNVS0	Atypical Teratoid Rhabdoid Tumor
BS_9G69F50J	Non-neoplastic tumor
BS_9GJ23RHH	Mesenchymal tumor
BS_9H1684FJ	Craniopharyngioma
BS_9H7A00PV	Mixed neuronal-glial tumor
BS_9HSGV9TJ	Low-grade glioma
BS_9JBX2E8G	Low-grade glioma
BS_9JPQZQNG	Other high-grade glioma
BS_9K1H3RPM	Medulloblastoma
BS_9M5XJ10G	Medulloblastoma
BS_9NJHQE9F	Medulloblastoma
BS_9NZ2D6AD	Medulloblastoma
BS_9P9MB8X8	Low-grade glioma
BS_9PB3XH5D	Medulloblastoma
BS_9Q6Z6VJC	Low-grade glioma
BS_9RT63JD9	Low-grade glioma
BS_9S7AG4EN	Low-grade glioma
BS_9SJWWYQ4	Low-grade glioma
BS_9TXEDSWB	Other high-grade glioma
BS_9V633J1X	Medulloblastoma
BS_9XVACXP0	Other high-grade glioma
BS_9XWJ88Q1	Non-neoplastic tumor
BS_9Y1K14Q5	Other high-grade glioma
BS_9YXH2CZ0	Low-grade glioma
BS_9ZJT0CP0	Diffuse midline glioma
BS_A11G4PKZ	Atypical Teratoid Rhabdoid Tumor
BS_A13BMEF5	Low-grade glioma
BS_A14Z8BBK	Medulloblastoma
BS_A1V3BH0Z	Low-grade glioma
BS_A1VEGWTR	Low-grade glioma
BS_A2YNJVVG	Low-grade glioma
BS_A46RDWGM	Low-grade glioma
BS_A7MC2KR2	Craniopharyngioma
BS_A87NPZAP	Medulloblastoma
BS_A89VAPVV	Germ cell tumor
BS_A8V685RR	Oligodendroglioma
BS_A96FKXN5	Low-grade glioma
BS_AA164D3A	Non-neoplastic tumor
BS_ABYF92Z9	Craniopharyngioma
BS_AD4JPN9Q	Mixed neuronal-glial tumor
BS_ADEE1SN5	Ependymoma
BS_AG3D3435	Low-grade glioma
BS_AG4H9S3J	Non-neoplastic tumor
BS_AGS1HHGF	Choroid plexus tumor
BS_AGTPCRR4	Ependymoma
BS_AGVWD5K8	Mixed neuronal-glial tumor
BS_AHEFXG7W	Medulloblastoma
BS_AJ6X83G5	Mixed neuronal-glial tumor
BS_AKM1XC5Q	Non-neoplastic tumor
BS_AKNF1CJX	Atypical Teratoid Rhabdoid Tumor
BS_AKPB1RZ3	Atypical Teratoid Rhabdoid Tumor
BS_AKRHBPNZ	Mixed neuronal-glial tumor
BS_AKT8HK8J	Low-grade glioma
BS_AM0BZ61K	Low-grade glioma
BS_AM70R8RG	Medulloblastoma
BS_AMQGM1V9	Non-neoplastic tumor
BS_AMZ70B6F	Medulloblastoma
BS_AP0SZ364	Low-grade glioma
BS_AP6MTYBF	Other high-grade glioma
BS_ARBQDTT5	Low-grade glioma
BS_ARFQ1WG3	Mixed neuronal-glial tumor
BS_AS4K2YQW	Oligodendroglioma
BS_AVYNZHSB	Low-grade glioma
BS_AW7J9F9R	Low-grade glioma
BS_AWH4X3Q3	Choroid plexus tumor
BS_AWH9757B	Other high-grade glioma
BS_AWJFW3W5	Medulloblastoma
BS_AYAMBZHS	Oligodendroglioma
BS_AZN38B7V	Mesenchymal tumor
BS_B0SVFK4P	Low-grade glioma
BS_B1C6GZ84	Diffuse midline glioma
BS_B1HF89ES	Diffuse midline glioma
BS_B1HVNV0T	Atypical Teratoid Rhabdoid Tumor
BS_B2QMR6Z9	Low-grade glioma
BS_B3M5SGPA	Low-grade glioma
BS_B3MQFFYP	Diffuse midline glioma
BS_B47VJXKV	Mesenchymal tumor
BS_B4R7X1KE	Other high-grade glioma
BS_B53Z0T1Q	Craniopharyngioma
BS_B5JM6T8K	Low-grade glioma
BS_B61168DE	Other tumor
BS_B6JKQFKA	Low-grade glioma
BS_B6M763JS	Low-grade glioma
BS_B741RZY9	Choroid plexus tumor
BS_B7GEH89C	Low-grade glioma
BS_B7X8VXQ3	Mixed neuronal-glial tumor
BS_BA6AZWB3	Medulloblastoma
BS_BAG042V5	Low-grade glioma
BS_BBQ6BHGN	Diffuse midline glioma
BS_BC936YNZ	Low-grade glioma
BS_BE1WV2B2	Medulloblastoma
BS_BE6EZQHP	Medulloblastoma
BS_BEKKNDWB	Medulloblastoma
BS_BGFDW0VM	Atypical Teratoid Rhabdoid Tumor
BS_BHR08WGW	Craniopharyngioma
BS_BJBM0BN7	Low-grade glioma
BS_BJDNWMJH	Ependymoma
BS_BKQZ550R	Low-grade glioma
BS_BKR4E30C	Oligodendroglioma
BS_BMMY0H73	Diffuse midline glioma
BS_BN986DF6	Low-grade glioma
BS_BNECCX4D	Low-grade glioma
BS_BPM1MRGT	Low-grade glioma
BS_BPSTSCBJ	Low-grade glioma
BS_BPWEFR89	Medulloblastoma
BS_BSMKSA87	Craniopharyngioma
BS_BSV07M7Z	Medulloblastoma
BS_BVSW4GTG	Medulloblastoma
BS_BW1Z7QQY	Ependymoma
BS_BXXJ9P8C	Schwannoma
BS_BYA64S6C	Germ cell tumor
BS_BYBG9F2X	Ependymoma
BS_BYCX6VK1	Other high-grade glioma
BS_C05FKR8X	Ependymoma
BS_C0GQVFWA	Medulloblastoma
BS_C0NEVC2B	Mixed neuronal-glial tumor
BS_C2P690E3	Choroid plexus tumor
BS_C3NW374Q	Other high-grade glioma
BS_C3P5BC92	Craniopharyngioma
BS_C41DJZ1F	Other high-grade glioma
BS_C51RB0YR	Low-grade glioma
BS_C7A2TYAC	Low-grade glioma
BS_C80S5N37	Ependymoma
BS_C83TK159	Diffuse midline glioma
BS_C8KEG501	Low-grade glioma
BS_C8ME4RZA	Craniopharyngioma
BS_C8RVHTVV	Medulloblastoma
BS_C8RWMN8X	Mixed neuronal-glial tumor
BS_C9GNTZ1T	Mixed neuronal-glial tumor
BS_CB6VK7PB	Low-grade glioma
BS_CBDQZ8PP	Other high-grade glioma
BS_CC6RREE4	Mixed neuronal-glial tumor
BS_CCBW38BM	Medulloblastoma
BS_CFD3WHAY	Other high-grade glioma
BS_CFK707H0	Schwannoma
BS_CGB2WS2A	Low-grade glioma
BS_CH8Q6FCN	Low-grade glioma
BS_CHDGRYHJ	Medulloblastoma
BS_CKKY5S4M	Medulloblastoma
BS_CKM16AHA	Mixed neuronal-glial tumor
BS_CM14SRVX	Mixed neuronal-glial tumor
BS_CMDJJQ7K	Low-grade glioma
BS_CN0GW92K	Medulloblastoma
BS_CN797XGY	Ependymoma
BS_CPWBFHAC	Low-grade glioma
BS_CQEETJ66	Schwannoma
BS_CQSAJ7BF	Mixed neuronal-glial tumor
BS_CREQ97QC	Mixed neuronal-glial tumor
BS_CTR5X93B	Low-grade glioma
BS_CV9QNWN7	Oligodendroglioma
BS_CVGFNCBJ	Low-grade glioma
BS_CX7NH77G	Low-grade glioma
BS_CXAQDK7S	Other high-grade glioma
BS_CXVJK2FY	Ependymoma
BS_CYEY58NY	Other CNS embryonal tumor
BS_CZ3ER8DY	Ependymoma
BS_CZ3NA7KV	Ependymoma
BS_CZ82ANWP	Mixed neuronal-glial tumor
BS_D0BGESQF	Non-neoplastic tumor
BS_D0RDN4K5	Other CNS embryonal tumor
BS_D144EJRQ	Medulloblastoma
BS_D3YBV7KB	Low-grade glioma
BS_D46WVFCP	Medulloblastoma
BS_D48301X5	Ependymoma
BS_D5G5D9ZM	Neurofibroma plexiform
BS_D5MT05YK	Oligodendroglioma
BS_D5NQV7N5	Craniopharyngioma
BS_D5P6EZ1M	Schwannoma
BS_D7XRFE0R	Diffuse midline glioma
BS_DB75RPCD	Other tumor
BS_DBEX7AG2	Mesenchymal tumor
BS_DDR2A5JK	Other high-grade glioma
BS_DEHJF4C7	Low-grade glioma
BS_DFWFBYSN	Medulloblastoma
BS_DGWXNSPK	Mixed neuronal-glial tumor
BS_DHA5FMVW	Atypical Teratoid Rhabdoid Tumor
BS_DMJHAG9X	Low-grade glioma
BS_DMZP9G1H	Mixed neuronal-glial tumor
BS_DPF1CX0G	Low-grade glioma
BS_DPMRSF90	Atypical Teratoid Rhabdoid Tumor
BS_DRD9QXR5	Craniopharyngioma
BS_DS1HY9A0	Atypical Teratoid Rhabdoid Tumor
BS_DS438CXE	Other high-grade glioma
BS_DSS3S5XD	Low-grade glioma
BS_DV86M0Y7	Low-grade glioma
BS_DVCQ8XDZ	Meningioma
BS_DY9NTFQR	Non-neoplastic tumor
BS_DZ4B5A40	Low-grade glioma
BS_DZBVFTQF	Mixed neuronal-glial tumor
BS_DZNXFPH1	Diffuse midline glioma
BS_E054DFJN	Craniopharyngioma
BS_E0ZEECZ6	Atypical Teratoid Rhabdoid Tumor
BS_E1B3BKYA	Low-grade glioma
BS_E1CGF3KV	Low-grade glioma
BS_E2DEWCSK	Low-grade glioma
BS_E2Z940S4	Meningioma
BS_E3BAT4C1	Medulloblastoma
BS_E3EJHXQV	Low-grade glioma
BS_E4F1D721	Ependymoma
BS_E4QK839R	Low-grade glioma
BS_E67QTP84	Medulloblastoma
BS_E9CYN4NP	Other high-grade glioma
BS_EAHR4JSD	Meningioma
BS_EBMCTR80	Low-grade glioma
BS_ECGQWHNQ	Low-grade glioma
BS_ECP485VV	Medulloblastoma
BS_EF775B3K	Non-neoplastic tumor
BS_EFE4YEK3	Medulloblastoma
BS_EFEZB0ZH	Low-grade glioma
BS_EHVYJAVA	Low-grade glioma
BS_EJSWEM34	Craniopharyngioma
BS_EK5PCKY0	Ependymoma
BS_EMMF4PZX	Craniopharyngioma
BS_EMQM7HTA	Diffuse midline glioma
BS_EMYET8F4	Ependymoma
BS_EN58Q2DK	Atypical Teratoid Rhabdoid Tumor
BS_EN5WR747	Other high-grade glioma
BS_ENX83H9Z	Other high-grade glioma
BS_EQKYB3JB	Medulloblastoma
BS_ERJAJ0KA	Mixed neuronal-glial tumor
BS_ERWT0ZWE	Medulloblastoma
BS_ET8CJXSF	Low-grade glioma
BS_ETDCPRAM	Craniopharyngioma
BS_ETM3DW4J	Ependymoma
BS_EVCAC3NH	Ependymoma
BS_EXGBH3TD	Mixed neuronal-glial tumor
BS_EXYHZ6D4	Low-grade glioma
BS_EYSS0ZDS	Low-grade glioma
BS_EYYMKWB7	Low-grade glioma
BS_EZ3147MX	Diffuse midline glioma
BS_F0JB4EAK	Other high-grade glioma
BS_F1K9QTBS	Low-grade glioma
BS_F4E8R9VY	Mixed neuronal-glial tumor
BS_F5QBVPP0	Medulloblastoma
BS_F6XHX6Q0	Atypical Teratoid Rhabdoid Tumor
BS_F6Z5HFWH	Choroid plexus tumor
BS_F8N6CFQE	Low-grade glioma
BS_F9WKPDFG	Choroid plexus tumor
BS_F9Y4Z92G	Other high-grade glioma
BS_FAQQ0GCQ	Mixed neuronal-glial tumor
BS_FAVRBEW7	Choroid plexus tumor
BS_FBRNNYCA	Medulloblastoma
BS_FCDAH728	Diffuse midline glioma
BS_FCX6DZ0J	Other high-grade glioma
BS_FEKM7X6Z	Craniopharyngioma
BS_FEV5A0HN	Other high-grade glioma
BS_FEYMKEK8	Choroid plexus tumor
BS_FGQA2S06	Low-grade glioma
BS_FJWZ3M7V	Low-grade glioma
BS_FKDQJJB5	Medulloblastoma
BS_FRM9TG02	Neurofibroma plexiform
BS_FRZ76GEG	Craniopharyngioma
BS_FV820J38	Medulloblastoma
BS_FWMJPKCV	Mixed neuronal-glial tumor
BS_FX2P2WEG	Other high-grade glioma
BS_FX4WKR2R	Mixed neuronal-glial tumor
BS_FXJY0MNH	Other high-grade glioma
BS_FYP2B298	Other high-grade glioma
BS_FYRDYBMZ	Other high-grade glioma
BS_G00FHF3Q	Medulloblastoma
BS_G0RPJHA9	Ependymoma
BS_G19QZG4S	Diffuse midline glioma
BS_G1DAGKSY	Low-grade glioma
BS_G23JJAZY	Ependymoma
BS_G257VSS9	Other high-grade glioma
BS_G2W3D5M2	Other high-grade glioma
BS_G3NN392N	Diffuse midline glioma
BS_G5NHSFD4	Other high-grade glioma
BS_G5QBBHDV	Low-grade glioma
BS_G5TXDQJ3	Atypical Teratoid Rhabdoid Tumor
BS_G6RKBJEY	Atypical Teratoid Rhabdoid Tumor
BS_G7AGNB5G	Low-grade glioma
BS_G8TXTX0H	Diffuse midline glioma
BS_GAGRGSSX	Atypical Teratoid Rhabdoid Tumor
BS_GC2J7SWH	Other high-grade glioma
BS_GCA4GET3	Low-grade glioma
BS_GG9W3J9Y	Other high-grade glioma
BS_GGJ3SQ51	Non-neoplastic tumor
BS_GHNJ4CYC	Low-grade glioma
BS_GJNCYABP	Atypical Teratoid Rhabdoid Tumor
BS_GKDWPV3K	Atypical Teratoid Rhabdoid Tumor
BS_GMDQK06Q	Craniopharyngioma
BS_GMF4ABXJ	Mixed neuronal-glial tumor
BS_GMJBGBWB	Craniopharyngioma
BS_GN80ZQ39	Choroid plexus tumor
BS_GNV89A5P	Medulloblastoma
BS_GPEGRCCT	Low-grade glioma
BS_GS7Q2JHA	Ependymoma
BS_GSVCN2XC	Choroid plexus tumor
BS_GTZCFGRZ	Mixed neuronal-glial tumor
BS_GV3NZ9QD	Ependymoma
BS_GW0GKWMS	Diffuse midline glioma
BS_GWHYM3R4	Diffuse midline glioma
BS_GWSJ4Z9H	Diffuse midline glioma
BS_GYXSDZ56	Low-grade glioma
BS_GZFRDTV7	Other high-grade glioma
BS_H0TJS3RZ	Mixed neuronal-glial tumor
BS_H1XPVS9A	Other high-grade glioma
BS_H3FE3TH9	Low-grade glioma
BS_H3Y8FWHV	Schwannoma
BS_H4B5Y6S0	Medulloblastoma
BS_H4NXBD2D	Ependymoma
BS_H8A9PSYA	Low-grade glioma
BS_H97S5SQN	Diffuse midline glioma
BS_H9EX5WX3	Low-grade glioma
BS_HB03GSHF	Medulloblastoma
BS_HBJZR69P	Schwannoma
BS_HC44ZA0V	Ependymoma
BS_HC5M8JTC	Low-grade glioma
BS_HCP5C912	Meningioma
BS_HD33RVPJ	Medulloblastoma
BS_HD4EJYE3	Medulloblastoma
BS_HDPCQETG	Other high-grade glioma
BS_HE0WJRW6	Other high-grade glioma
BS_HE57E1RP	Medulloblastoma
BS_HF3RNN2T	Medulloblastoma
BS_HHPA8NJ2	Medulloblastoma
BS_HJBVSPH7	Meningioma
BS_HK9P0Q4G	Low-grade glioma
BS_HKZENFDA	Medulloblastoma
BS_HM0R6SXQ	Low-grade glioma
BS_HNMQ7488	Low-grade glioma
BS_HPV4F6VR	Craniopharyngioma
BS_HQ5BJ6MW	Low-grade glioma
BS_HQER7QQD	Schwannoma
BS_HQYGYPCV	Low-grade glioma
BS_HSHN8PBB	Low-grade glioma
BS_HSTNFPKW	Low-grade glioma
BS_HTEPAKCM	Medulloblastoma
BS_HV8PFRBR	Low-grade glioma
BS_HWVD3RH0	Low-grade glioma
BS_HX8XJ18H	Atypical Teratoid Rhabdoid Tumor
BS_HYASKY2Z	Ependymoma
BS_HYYWQVTD	Atypical Teratoid Rhabdoid Tumor
BS_HZE3KYZ1	Medulloblastoma
BS_HZRM07TW	Medulloblastoma
BS_J1AB8PMA	Medulloblastoma
BS_J3J27QY7	Other high-grade glioma
BS_J483EMFP	Atypical Teratoid Rhabdoid Tumor
BS_J4QMPCS6	Craniopharyngioma
BS_J5H5VXWY	Low-grade glioma
BS_J6VKB1VE	Low-grade glioma
BS_J6W1RB7A	Diffuse midline glioma
BS_J71N7D09	Medulloblastoma
BS_J8G4SH4Z	Medulloblastoma
BS_J8VX4D17	Ependymoma
BS_J9CBGP57	Other high-grade glioma
BS_J9M83K8T	Mixed neuronal-glial tumor
BS_JB43XBCQ	Diffuse midline glioma
BS_JBGZ7HHZ	Other CNS embryonal tumor
BS_JCPKYHKY	Craniopharyngioma
BS_JDWFEE36	Mixed neuronal-glial tumor
BS_JFB984RG	Medulloblastoma
BS_JFEZA9KE	Mesenchymal tumor
BS_JFVB9KXB	Choroid plexus tumor
BS_JG9JZTA9	Low-grade glioma
BS_JGKZ54SA	Low-grade glioma
BS_JGPR9SR2	Meningioma
BS_JH29M4KG	Low-grade glioma
BS_JHGW42S6	Ependymoma
BS_JJNRHMKM	Craniopharyngioma
BS_JJW609CE	Medulloblastoma
BS_JKDKZSX8	Low-grade glioma
BS_JKXA3FQC	Low-grade glioma
BS_JMHG7GCN	Low-grade glioma
BS_JMMPW4G3	Medulloblastoma
BS_JPCHZM29	Non-neoplastic tumor
BS_JPHWQ1TV	Medulloblastoma
BS_JQVAWTTM	Diffuse midline glioma
BS_JQXHHK0K	Other high-grade glioma
BS_JSPR854S	Neurofibroma plexiform
BS_JT82QGXF	Medulloblastoma
BS_JTMXAMB7	Medulloblastoma
BS_JTWNJ8T7	Other high-grade glioma
BS_JVA2NQFF	Low-grade glioma
BS_JVW2JJ39	Other high-grade glioma
BS_JWCX8R17	Other tumor
BS_JWSR581E	Low-grade glioma
BS_JX449BF5	Choroid plexus tumor
BS_JX4QBM9G	Mixed neuronal-glial tumor
BS_JX7S9MY7	Craniopharyngioma
BS_JXNZYGCR	Mixed neuronal-glial tumor
BS_JXTZSFX3	Other high-grade glioma
BS_JZRM1S3T	Medulloblastoma
BS_K1024ZPM	Ependymoma
BS_K17VQECG	Other high-grade glioma
BS_K19586VM	Medulloblastoma
BS_K25F4J3V	Atypical Teratoid Rhabdoid Tumor
BS_K2FHZGTK	Meningioma
BS_K3ER45RV	Medulloblastoma
BS_K57A4A9D	Mixed neuronal-glial tumor
BS_K5802F84	Low-grade glioma
BS_K74PZET7	Medulloblastoma
BS_K7MVS0Z7	Low-grade glioma
BS_K7WBFK5T	Atypical Teratoid Rhabdoid Tumor
BS_K81DR8XG	Medulloblastoma
BS_K81PZXP2	Diffuse midline glioma
BS_K838XW6V	Low-grade glioma
BS_K8ZGHV4D	Low-grade glioma
BS_KBEX4RT2	Diffuse midline glioma
BS_KBT7MQ6H	Ependymoma
BS_KDHG76E1	Other high-grade glioma
BS_KDSTG5YY	Ependymoma
BS_KEA474HN	Low-grade glioma
BS_KF0ZXDER	Meningioma
BS_KFSQ144Y	Other high-grade glioma
BS_KGXP2KJE	Medulloblastoma
BS_KJJZ48WS	Medulloblastoma
BS_KK5C8VCK	Choroid plexus tumor
BS_KM2EX0K6	Mixed neuronal-glial tumor
BS_KMVKBZNM	Non-neoplastic tumor
BS_KN92S7YQ	Medulloblastoma
BS_KP735TJ6	Other high-grade glioma
BS_KPT2WPHW	Mixed neuronal-glial tumor
BS_KQ6ZW085	Other high-grade glioma
BS_KSC2H2HV	Low-grade glioma
BS_KSKZ9J7J	Other CNS embryonal tumor
BS_KT3C0XCA	Ependymoma
BS_KVAJYZ6F	Mixed neuronal-glial tumor
BS_KVNGNETA	Medulloblastoma
BS_KVPWHDR4	Diffuse midline glioma
BS_KVV7001W	Mixed neuronal-glial tumor
BS_KWVZXEDS	Ependymoma
BS_KX9ECQZW	Medulloblastoma
BS_KXCY5BN5	Atypical Teratoid Rhabdoid Tumor
BS_KXMYBQ6N	Ependymoma
BS_KYF0Q0E7	Medulloblastoma
BS_KZPR01BD	Mixed neuronal-glial tumor
BS_M026T44Q	Meningioma
BS_M0QYNVK8	Other high-grade glioma
BS_M15PW2N0	Medulloblastoma
BS_M3C0MZC9	Ependymoma
BS_M4NVX721	Mixed neuronal-glial tumor
BS_M4TTKPNR	Low-grade glioma
BS_M7TWXKXB	Mesenchymal tumor
BS_M7XB258E	Diffuse midline glioma
BS_M84H3KXA	Medulloblastoma
BS_M8M56Z4Y	Low-grade glioma
BS_M8WP5T16	Low-grade glioma
BS_M9C4RY4P	Schwannoma
BS_MA1A3GY0	Non-neoplastic tumor
BS_MA2T7ET1	Ependymoma
BS_MB7WN0ZB	Diffuse midline glioma
BS_MBSTWZA6	Low-grade glioma
BS_MC6JB7F8	Atypical Teratoid Rhabdoid Tumor
BS_MCNKFZDF	Mixed neuronal-glial tumor
BS_MD3DT41J	Mesenchymal tumor
BS_MDBT7S5Z	Diffuse midline glioma
BS_ME3HKN2C	Low-grade glioma
BS_MF47B9ZW	Mixed neuronal-glial tumor
BS_MF9X3PKH	Low-grade glioma
BS_MFGZH8FK	Diffuse midline glioma
BS_MGAMKKBD	Other tumor
BS_MJKKGY95	Craniopharyngioma
BS_MKV494VY	Mixed neuronal-glial tumor
BS_MMNRZ1EQ	Atypical Teratoid Rhabdoid Tumor
BS_MNQPSK14	Mixed neuronal-glial tumor
BS_MPZ6PKW8	Ependymoma
BS_MT15SGJN	Ependymoma
BS_MVW01FPB	Atypical Teratoid Rhabdoid Tumor
BS_MWWZBQ60	Diffuse midline glioma
BS_MX92FD6D	Low-grade glioma
BS_MY9D8XZ1	Low-grade glioma
BS_N0877CX1	Atypical Teratoid Rhabdoid Tumor
BS_N1E0H8YQ	Low-grade glioma
BS_N1R1VSAG	Medulloblastoma
BS_N210XMKR	Low-grade glioma
BS_N48DTDNC	Mixed neuronal-glial tumor
BS_N4B1SZZH	Medulloblastoma
BS_N5B2CZMH	Low-grade glioma
BS_N5DVEJXT	Ependymoma
BS_N6NE6B3W	Low-grade glioma
BS_N6TQBQ8M	Other high-grade glioma
BS_N7VQ1GQB	Low-grade glioma
BS_N87X1T8T	Low-grade glioma
BS_N8J1DP02	Ependymoma
BS_N8K234V2	Mesenchymal tumor
BS_N9C2500H	Medulloblastoma
BS_NB5XWMJT	Low-grade glioma
BS_NB9XXBW6	Diffuse midline glioma
BS_NDN62H0S	Non-neoplastic tumor
BS_NDRDM2A9	Neurofibroma plexiform
BS_NEVYM2FP	Diffuse midline glioma
BS_NFJPYMET	Ependymoma
BS_NFKKDYSV	Other high-grade glioma
BS_NGHK9RZP	Ependymoma
BS_NGSG2KB6	Diffuse midline glioma
BS_NGY0TE6S	Craniopharyngioma
BS_NKEAAFMW	Medulloblastoma
BS_NKRYMHEP	Medulloblastoma
BS_NMC4RW21	Atypical Teratoid Rhabdoid Tumor
BS_NNYXMSTX	Other high-grade glioma
BS_NPA6CZQF	Other high-grade glioma
BS_NPMEGFW8	Other high-grade glioma
BS_NPQJ20KX	Low-grade glioma
BS_NQ54ST98	Diffuse midline glioma
BS_NQB91P48	Low-grade glioma
BS_NQFH3GZH	Choroid plexus tumor
BS_NR3P3GN2	Diffuse midline glioma
BS_NR9FRY5T	Schwannoma
BS_NRFQEQKP	Low-grade glioma
BS_NS1SD7XM	Meningioma
BS_NS7GSHB9	Low-grade glioma
BS_NT9NZYFD	Mixed neuronal-glial tumor
BS_NTG278B6	Atypical Teratoid Rhabdoid Tumor
BS_NVKGSMXS	Non-neoplastic tumor
BS_NVYZW8RR	Craniopharyngioma
BS_NWNB68G0	Low-grade glioma
BS_NWNTY3FZ	Ependymoma
BS_NXC3W5MZ	Medulloblastoma
BS_NY5T05AK	Low-grade glioma
BS_NYEVBZPS	Mixed neuronal-glial tumor
BS_NYS8TRCB	Low-grade glioma
BS_NZ71XCG3	Medulloblastoma
BS_P1AZ9H9A	Oligodendroglioma
BS_P2Y2NANM	Low-grade glioma
BS_P44PE00R	Non-neoplastic tumor
BS_P4D8Y3S8	Mesenchymal tumor
BS_P4PMWFMV	Diffuse midline glioma
BS_P5KE73DA	Atypical Teratoid Rhabdoid Tumor
BS_P78SMRBS	Ependymoma
BS_P7EY9DXG	Atypical Teratoid Rhabdoid Tumor
BS_PAK40AMT	Medulloblastoma
BS_PBTQS0F6	Other tumor
BS_PC107GE3	Medulloblastoma
BS_PDVD0GCM	Low-grade glioma
BS_PEP9NZXN	Low-grade glioma
BS_PGHK1JRW	Atypical Teratoid Rhabdoid Tumor
BS_PJ1T8CQR	Other high-grade glioma
BS_PJC6FH4Y	Diffuse midline glioma
BS_PJPGVD62	Ependymoma
BS_PJTQHTRA	Ependymoma
BS_PKK3BZRG	Choroid plexus tumor
BS_PN2CE34A	Low-grade glioma
BS_PPGGE3AN	Medulloblastoma
BS_PPV5073N	Atypical Teratoid Rhabdoid Tumor
BS_PQ7CQFYR	Mixed neuronal-glial tumor
BS_PQVTB6BB	Other high-grade glioma
BS_PQY28YXA	Oligodendroglioma
BS_PRAEF32W	Ependymoma
BS_PRCG6W20	Low-grade glioma
BS_PRR8K9GE	Craniopharyngioma
BS_PS0P3QJ3	Other high-grade glioma
BS_PSW27ZTE	Ependymoma
BS_PVCWX633	Other high-grade glioma
BS_PXCPK5XS	Other high-grade glioma
BS_Q2PBFNDF	Low-grade glioma
BS_Q2T9ZRM0	Meningioma
BS_Q3TBCK4V	Low-grade glioma
BS_Q54JNT3K	Other tumor
BS_Q5WZYWCT	Ependymoma
BS_Q6VH5GJ8	Low-grade glioma
BS_Q79NP5YY	Low-grade glioma
BS_Q7WNW1AS	Low-grade glioma
BS_Q9V7A95C	Mesenchymal tumor
BS_QB7YGKN1	Mixed neuronal-glial tumor
BS_QBMW69AM	Low-grade glioma
BS_QBR4WCQ2	Other tumor
BS_QC3XCE6X	Low-grade glioma
BS_QE6F8DQW	Medulloblastoma
BS_QEYPFYHD	Medulloblastoma
BS_QF1FGWVF	Low-grade glioma
BS_QF5VVZX5	Mixed neuronal-glial tumor
BS_QGKEP3KB	Diffuse midline glioma
BS_QH0VYVJK	Other high-grade glioma
BS_QH82PBMB	Low-grade glioma
BS_QHRJ66M0	Schwannoma
BS_QHS3V0GP	Other CNS embryonal tumor
BS_QHY302E8	Other high-grade glioma
BS_QNNX91SM	Diffuse midline glioma
BS_QPPPGYP4	Medulloblastoma
BS_QQE8MWWV	Low-grade glioma
BS_QRDT19KS	Medulloblastoma
BS_QRJX9QWS	Germ cell tumor
BS_QTMN8HYC	Low-grade glioma
BS_QTSXW7DA	Low-grade glioma
BS_QV51J756	Mixed neuronal-glial tumor
BS_QW60M0FE	Meningioma
BS_QWNBZ9RJ	Other CNS embryonal tumor
BS_QWNNFXHA	Non-neoplastic tumor
BS_QX12J6W1	Atypical Teratoid Rhabdoid Tumor
BS_QXKRN6CR	Ependymoma
BS_QYP4GD7N	Atypical Teratoid Rhabdoid Tumor
BS_R03J6WRV	Mesenchymal tumor
BS_R13X6TMW	Low-grade glioma
BS_R244Z0WX	Low-grade glioma
BS_R439VVPK	Medulloblastoma
BS_R4Y180DM	Mesenchymal tumor
BS_R5SNFB5B	Other high-grade glioma
BS_R634WKN7	Low-grade glioma
BS_R6WNEEE4	Medulloblastoma
BS_R7HZCZ8B	Craniopharyngioma
BS_R7NTZR4C	Other high-grade glioma
BS_R7V8BC98	Low-grade glioma
BS_R81XA0F9	Low-grade glioma
BS_R9B92M75	Diffuse midline glioma
BS_R9CKW9DY	Low-grade glioma
BS_RARBBY7C	Low-grade glioma
BS_RC8E5TVQ	Low-grade glioma
BS_RCC8BXVE	Medulloblastoma
BS_RCFQ31XF	Ependymoma
BS_RCX5628Q	Medulloblastoma
BS_RD4D5F9F	Medulloblastoma
BS_REF8ARH1	Schwannoma
BS_REVS37G8	Atypical Teratoid Rhabdoid Tumor
BS_RGPSEMHC	Ependymoma
BS_RGQH7K0C	Medulloblastoma
BS_RGSMX7QD	Mixed neuronal-glial tumor
BS_RHD7XPNP	Ependymoma
BS_RJC3WDD6	Other high-grade glioma
BS_RJMJ935A	Other high-grade glioma
BS_RMT7ABN6	Low-grade glioma
BS_RN36XFYH	Medulloblastoma
BS_RNANA568	Low-grade glioma
BS_RPF3Z9P9	Medulloblastoma
BS_RPH4DCMK	Diffuse midline glioma
BS_RPJ1EPHA	Low-grade glioma
BS_RPKA4GF9	Mixed neuronal-glial tumor
BS_RPMPW9QA	Choroid plexus tumor
BS_RPZQQM2D	Low-grade glioma
BS_RQSKD7PN	Neurofibroma plexiform
BS_RRAEQZ97	Low-grade glioma
BS_RSRPX3S8	Medulloblastoma
BS_RSTH763S	Medulloblastoma
BS_RVSEDNJ4	Mixed neuronal-glial tumor
BS_RWJZFTP9	Low-grade glioma
BS_RX1YTZ7F	Diffuse midline glioma
BS_RX8WXX35	Low-grade glioma
BS_RXN5T5YT	Diffuse midline glioma
BS_RYRWBV7K	Medulloblastoma
BS_RYZG8SPC	Low-grade glioma
BS_RZMRE785	Mixed neuronal-glial tumor
BS_S1KK7XRH	Low-grade glioma
BS_S1M423AB	Medulloblastoma
BS_S1W53RNW	Craniopharyngioma
BS_S3MET0JZ	Diffuse midline glioma
BS_S50KQEXV	Low-grade glioma
BS_S6NJRR5W	Craniopharyngioma
BS_S71RJ8DH	Atypical Teratoid Rhabdoid Tumor
BS_SA8BT7AR	Medulloblastoma
BS_SAA624A4	Ependymoma
BS_SAQGQ09J	Atypical Teratoid Rhabdoid Tumor
BS_SBFNFZ8B	Non-neoplastic tumor
BS_SD8YBRBR	Other high-grade glioma
BS_SDA4RMMG	Low-grade glioma
BS_SDCNP7MW	Ependymoma
BS_SDZY6RZ3	Low-grade glioma
BS_SES41DAX	Choroid plexus tumor
BS_SFKZSJN1	Low-grade glioma
BS_SHMC4902	Low-grade glioma
BS_SJ0HXCD0	Low-grade glioma
BS_SJVTZ5TH	Diffuse midline glioma
BS_SKGJ5SY9	Medulloblastoma
BS_SM8VQFPD	Mixed neuronal-glial tumor
BS_SN3HBR1A	Non-neoplastic tumor
BS_SNVM7CZT	Other high-grade glioma
BS_SQERZ97M	Low-grade glioma
BS_SR2M85RQ	Medulloblastoma
BS_ST8N3JBX	Non-neoplastic tumor
BS_SV3YAAC1	Ependymoma
BS_SW8C9Y5Y	Mixed neuronal-glial tumor
BS_SW9Z10F9	Diffuse midline glioma
BS_SWRH6FKE	Medulloblastoma
BS_SXRS2P6T	Low-grade glioma
BS_SYC1C6GN	Atypical Teratoid Rhabdoid Tumor
BS_T0MXH2CA	Low-grade glioma
BS_T0RKFEKR	Low-grade glioma
BS_T11NFKSD	Low-grade glioma
BS_T1DVKKJB	Ependymoma
BS_T1QMEH1N	Craniopharyngioma
BS_T1W4JA94	Low-grade glioma
BS_T289QKBV	Other high-grade glioma
BS_T2F48Z4E	Other high-grade glioma
BS_T2QPMZCM	Low-grade glioma
BS_T3DGY9J9	Diffuse midline glioma
BS_T3H5AY8A	Low-grade glioma
BS_T3ZJ9R2G	Other CNS embryonal tumor
BS_T4JFN54G	Low-grade glioma
BS_T4P3J13C	Ependymoma
BS_T55Y4Z0Y	Low-grade glioma
BS_T5AP9EEQ	Schwannoma
BS_T5P5ME9M	Low-grade glioma
BS_T80VQKVE	Other high-grade glioma
BS_TA4657N3	Craniopharyngioma
BS_TA9WP4TH	Medulloblastoma
BS_TAHV8N04	Neurofibroma plexiform
BS_TBWYAFSM	Ependymoma
BS_TDEFAPNH	Mixed neuronal-glial tumor
BS_TDJXQBVY	Low-grade glioma
BS_TE0GVDNG	Medulloblastoma
BS_TF8R864V	Ependymoma
BS_TG93XC55	Mixed neuronal-glial tumor
BS_TGS109T3	Diffuse midline glioma
BS_TGW6HC4X	Mixed neuronal-glial tumor
BS_THSPSG2Z	Meningioma
BS_TNDYEP8Z	Craniopharyngioma
BS_TNRHHYNC	Ependymoma
BS_TPB6WVF4	Other high-grade glioma
BS_TQ5QHR17	Neurofibroma plexiform
BS_TRPXB3AV	Other high-grade glioma
BS_TRZZRYKF	Low-grade glioma
BS_TTDNZTZ0	Other high-grade glioma
BS_TV5B86ZD	Other high-grade glioma
BS_TV80600R	Low-grade glioma
BS_TVH2VMKK	Non-neoplastic tumor
BS_TVV122JG	Low-grade glioma
BS_TW8DQH8J	Medulloblastoma
BS_TWFDEMBZ	Low-grade glioma
BS_TX31A8Z9	Craniopharyngioma
BS_TXY8QYWA	Ependymoma
BS_TXZ7KHTQ	Diffuse midline glioma
BS_TYAYZ9ZW	Medulloblastoma
BS_TYKJ8G2G	Schwannoma
BS_TYQ0N4YP	Oligodendroglioma
BS_TZVFR600	Medulloblastoma
BS_V0JFAS12	Oligodendroglioma
BS_V11VZZH8	Low-grade glioma
BS_V2G1YE8R	Low-grade glioma
BS_V33RCK1Y	Low-grade glioma
BS_V3Z3DB4N	Other high-grade glioma
BS_V4W81SFC	Ependymoma
BS_V4XCTG09	Mixed neuronal-glial tumor
BS_V72GX2AZ	Low-grade glioma
BS_V72H4RQS	Medulloblastoma
BS_V7BZ049H	Low-grade glioma
BS_V89HGTET	Low-grade glioma
BS_V9HVBBDW	Medulloblastoma
BS_VA5T4KAA	Medulloblastoma
BS_VBFKFYAP	Craniopharyngioma
BS_VF5XWFXD	Diffuse midline glioma
BS_VFDXFG3N	Non-neoplastic tumor
BS_VJ2S5DVS	Ependymoma
BS_VJAC9H58	Schwannoma
BS_VJVDJABP	Medulloblastoma
BS_VKYEM67A	Diffuse midline glioma
BS_VMEX27TN	Medulloblastoma
BS_VMMJYN8Z	Mixed neuronal-glial tumor
BS_VNE0ZPBS	Non-neoplastic tumor
BS_VNK9XYV9	Craniopharyngioma
BS_VP3C8WZT	Low-grade glioma
BS_VPBMDMQX	Medulloblastoma
BS_VQCCYTM5	Medulloblastoma
BS_VSSBS981	Low-grade glioma
BS_VT6C6N6K	Medulloblastoma
BS_VTJ9ESSV	Mixed neuronal-glial tumor
BS_VVFBW0YH	Medulloblastoma
BS_VXEFKW5P	Neurofibroma plexiform
BS_VXHWZJDC	Germ cell tumor
BS_VXMYES3W	Medulloblastoma
BS_VZWXGYT2	Low-grade glioma
BS_W0FZ9YCY	Medulloblastoma
BS_W18SF91A	Non-neoplastic tumor
BS_W311713R	Medulloblastoma
BS_W36RZSFA	Choroid plexus tumor
BS_W41S7B55	Mesenchymal tumor
BS_W4H1D4Y6	Other high-grade glioma
BS_W4HGV6E7	Low-grade glioma
BS_W568T9CS	Ependymoma
BS_W6AC5J3C	Meningioma
BS_W7FP2G3F	Mixed neuronal-glial tumor
BS_W7MFJZ5A	Other high-grade glioma
BS_W80TJC27	Ependymoma
BS_W9AT0MR7	Medulloblastoma
BS_W9N9844Q	Other high-grade glioma
BS_WBPTY8NH	Other high-grade glioma
BS_WCRKYV0T	Low-grade glioma
BS_WCVVAHS9	Meningioma
BS_WE3Q8A73	Choroid plexus tumor
BS_WE4E4GEX	Schwannoma
BS_WETH5SAH	Ependymoma
BS_WF04GGTX	Medulloblastoma
BS_WFD0GE5X	Ependymoma
BS_WFQT9J8Q	Ependymoma
BS_WH5HDE0A	Medulloblastoma
BS_WHAW7FQM	Meningioma
BS_WHBEXD5H	Other high-grade glioma
BS_WJGFDRWK	Mesenchymal tumor
BS_WMEHNDSK	Other CNS embryonal tumor
BS_WNJ9Q829	Germ cell tumor
BS_WQ0K79EA	Ependymoma
BS_WQ1YRTAT	Other high-grade glioma
BS_WQNXWJXE	Oligodendroglioma
BS_WRHDP7WF	Ependymoma
BS_WRQHPSXQ	Mixed neuronal-glial tumor
BS_WSQMAA33	Germ cell tumor
BS_WTJEDTZC	Other high-grade glioma
BS_WV0S8N4M	Atypical Teratoid Rhabdoid Tumor
BS_WVW3W6ZB	Atypical Teratoid Rhabdoid Tumor
BS_WXT1VK25	Mixed neuronal-glial tumor
BS_WYERXS4G	Ependymoma
BS_WZZN982T	Medulloblastoma
BS_X0F9AYEC	Low-grade glioma
BS_X0XXN9BK	Other high-grade glioma
BS_X16PENSA	Low-grade glioma
BS_X1G0TKP4	Other high-grade glioma
BS_X1S67ZEA	Ependymoma
BS_X2EDW2ZB	Mixed neuronal-glial tumor
BS_X31DBRN7	Craniopharyngioma
BS_X3HR4Z21	Diffuse midline glioma
BS_X4DD4KSZ	Diffuse midline glioma
BS_X4X1SFSE	Other high-grade glioma
BS_X59HSFGG	Low-grade glioma
BS_X5DFR216	Low-grade glioma
BS_X67GTEM6	Ependymoma
BS_X67SWFPS	Mixed neuronal-glial tumor
BS_X6GFVDVA	Low-grade glioma
BS_X91K8KMG	Low-grade glioma
BS_X9EGD530	Low-grade glioma
BS_XC0PNBG2	Medulloblastoma
BS_XF0ZX2B3	Ependymoma
BS_XG0DBWVT	Diffuse midline glioma
BS_XGDPK33A	Diffuse midline glioma
BS_XGSA3GQE	Low-grade glioma
BS_XHCYEE2S	Craniopharyngioma
BS_XJTW0P8P	Non-neoplastic tumor
BS_XKKB4MZV	Low-grade glioma
BS_XM1AHBDJ	Diffuse midline glioma
BS_XNWNXKAD	Medulloblastoma
BS_XQXXBWPD	Diffuse midline glioma
BS_XQYHPBFS	Ependymoma
BS_XRWAC56Q	Non-neoplastic tumor
BS_XZM79E42	Diffuse midline glioma
BS_XZTV0J8W	Mesenchymal tumor
BS_Y0PCBNJV	Low-grade glioma
BS_Y19MMT7Z	Other tumor
BS_Y26EQ3QJ	Meningioma
BS_Y274AC0H	Low-grade glioma
BS_Y35M458E	Non-neoplastic tumor
BS_Y51PG31P	Choroid plexus tumor
BS_Y5MKCBD1	Mesenchymal tumor
BS_Y6D7QZM4	Other high-grade glioma
BS_Y7F9E2E9	Low-grade glioma
BS_Y7H24JZG	Mixed neuronal-glial tumor
BS_Y7W8BR6B	Low-grade glioma
BS_YA0KMBRT	Other high-grade glioma
BS_YASWHXJC	Low-grade glioma
BS_YB2RXRHT	Low-grade glioma
BS_YBCQ2NMN	Mixed neuronal-glial tumor
BS_YBGXGEM3	Low-grade glioma
BS_YBGZ4BRP	Mixed neuronal-glial tumor
BS_YCREDZTJ	Low-grade glioma
BS_YDEVMD24	Diffuse midline glioma
BS_YEB88D32	Medulloblastoma
BS_YENTYVBV	Schwannoma
BS_YEQVW4ND	Low-grade glioma
BS_YETBN0RQ	Medulloblastoma
BS_YEW22W35	Other high-grade glioma
BS_YFRB2HJJ	Other high-grade glioma
BS_YG0A13JH	Low-grade glioma
BS_YH05F9DB	Craniopharyngioma
BS_YMKX1VP4	Medulloblastoma
BS_YMN2NJ0Y	Schwannoma
BS_YNEQJ6AH	Mixed neuronal-glial tumor
BS_YNG08H1N	Non-neoplastic tumor
BS_YQFX2Y00	Ependymoma
BS_YR1XY6SF	Other high-grade glioma
BS_YSZRQ95C	Other high-grade glioma
BS_YT4E515V	Low-grade glioma
BS_YTTMKCBX	Ependymoma
BS_YVEEXAAT	Low-grade glioma
BS_YVMEEBKC	Low-grade glioma
BS_YWJKHMXV	Low-grade glioma
BS_YXP55JEG	Medulloblastoma
BS_YY5B2XDD	Low-grade glioma
BS_YZ2QFDAN	Other high-grade glioma
BS_YZ2Z1Q6Y	Low-grade glioma
BS_Z0AVVB1V	Low-grade glioma
BS_Z0ZPD9S9	Diffuse midline glioma
BS_Z1A875MW	Mixed neuronal-glial tumor
BS_Z28VKGNS	Neurofibroma plexiform
BS_Z2NWPQKF	Non-neoplastic tumor
BS_Z3RCA1T9	Diffuse midline glioma
BS_Z45HD492	Medulloblastoma
BS_Z4WYV1GP	Other high-grade glioma
BS_Z5ATH1YR	Low-grade glioma
BS_Z6BWR941	Low-grade glioma
BS_Z6MC4N8D	Non-neoplastic tumor
BS_Z72QAZC7	Non-neoplastic tumor
BS_Z7G68ZS2	Non-neoplastic tumor
BS_Z7Y2466H	Low-grade glioma
BS_Z85M2R3N	Choroid plexus tumor
BS_Z8F3GM85	Other high-grade glioma
BS_Z8YZ6QGS	Other high-grade glioma
BS_Z9ZS6ZS2	Other tumor
BS_ZC1194Z8	Ependymoma
BS_ZD5HN296	Other high-grade glioma
BS_ZDJEXPYG	Medulloblastoma
BS_ZE4Y0X18	Meningioma
BS_ZEV0M416	Atypical Teratoid Rhabdoid Tumor
BS_ZF34SJGN	Craniopharyngioma
BS_ZF6BSFNF	Diffuse midline glioma
BS_ZHRGDRBW	Mixed neuronal-glial tumor
BS_ZJC7VQNA	Ependymoma
BS_ZJY7Y34M	Mixed neuronal-glial tumor
BS_ZKCGX84F	Atypical Teratoid Rhabdoid Tumor
BS_ZM97KKXE	Diffuse midline glioma
BS_ZN5A4MJ2	Non-neoplastic tumor
BS_ZN8136D9	Choroid plexus tumor
BS_ZQ76ZBEX	Other CNS embryonal tumor
BS_ZQKGJD70	Other CNS embryonal tumor
BS_ZR96A4FH	Mixed neuronal-glial tumor
BS_ZRF3A49T	Low-grade glioma
BS_ZRM0W01M	Low-grade glioma
BS_ZRSHXK63	Mixed neuronal-glial tumor
BS_ZTWGFWTX	Low-grade glioma
BS_ZV68CES9	Medulloblastoma
BS_ZVM8CAB0	Other high-grade glioma
BS_ZVWE73JZ	Diffuse midline glioma
BS_ZVX2GRD6	Low-grade glioma
BS_ZVZDDW2G	Low-grade glioma
BS_ZW4HD9ZS	Choroid plexus tumor
BS_ZWR9W4FX	Craniopharyngioma
BS_ZXYDSBM9	Medulloblastoma
BS_ZYBZRQRC	Medulloblastoma
BS_ZZ87PZ8R	Mixed neuronal-glial tumor
BS_ZZMYDZJW	Low-grade glioma
